Kaohsiung-city,苓雅區,林泉街２４號,同心碧麗富邑,47,67.5,None
Kaohsiung-city,鼓山區,明誠四路３０２號,嵩豐帝門,70,40.4,101
Kaohsiung-city,鼓山區,美術東五路//龍勝路,皇苑世紀館,100,39.8,None
Kaohsiung-city,鼓山區,美術東四路４１８號,鼎宇美術園,22,37,None
Kaohsiung-city,鼓山區,美術東二路１２８號,鼎宇美術臻邸,19,35.7,None
Kaohsiung-city,苓雅區,和平一路１６８號,文化高峰會,145,35.5,66
Kaohsiung-city,前鎮區,修成街３１號,太普TOP別墅,14,34.1,None
Kaohsiung-city,鼓山區,美術東五路６８號,雄崗花園美術館,40,33.8,None
Kaohsiung-city,鼓山區,明誠四路２１６號,皇苑人文首璽,69,33.5,134
Kaohsiung-city,三民區,河堤路//敦煌路//聯興路,河堤大樂,21,33.2,None
Kaohsiung-city,苓雅區,和平一路１６３號,仰德,51,32.7,None
Kaohsiung-city,前金區,民生二路１９８號,京城凱悅,122,32.2,None
Kaohsiung-city,左營區,文萊路//孟子路,京城大苑,284,32.1,None
Kaohsiung-city,左營區,新榮街１２３號,京城鉅誕,156,31.9,None
Kaohsiung-city,左營區,博愛二路//明誠二路,京悅,77,31.7,126
Kaohsiung-city,鼓山區,美術館路２號,漫光蒙梭,50,31.6,None
Kaohsiung-city,鼓山區,青海路２９５號,皇苑御桂園林,155,31.4,None
Kaohsiung-city,左營區,博愛二路５０號,國泰R13馥建築,53,31.4,None
Kaohsiung-city,鼓山區,美術東四路３６８號,鼎宇美術之星,185,31.4,162
Kaohsiung-city,鼓山區,美術南三路３５１號,皇苑御寶,215,31.1,None
Kaohsiung-city,鼓山區,南屏路//明華路,本然,91,31,67
Kaohsiung-city,苓雅區,新田路３５８號,國硯,178,30.8,None
Kaohsiung-city,苓雅區,廣州一街１５３號,中正庭園,72,30.7,42
Kaohsiung-city,鼓山區,美術館路１５１號,皇苑國際館,86,30.6,94
Kaohsiung-city,前鎮區,桂林街１２７號,真工獨道,29,30.3,100
Kaohsiung-city,苓雅區,四維四路//海邊路,百立海洋帝國,103,30,None
Kaohsiung-city,三民區,六合路１８號,太普君臨,50,29.3,None
Kaohsiung-city,前金區,青年二路１５０號,青年二路,70,29.2,None
Kaohsiung-city,前鎮區,中山二路２０號,福懋悅然,75,29.1,None
Kaohsiung-city,苓雅區,林泉街//林德街,四維國宅,480,29,21
Kaohsiung-city,前鎮區,中華五路１２８１號,一品花園,108,28.4,None
Kaohsiung-city,左營區,自由四路//重和路,博愛尊爵,74,28.3,46
Kaohsiung-city,鼓山區,神農路１９７號,人文首馥,128,28.1,None
Kaohsiung-city,鼓山區,美術南五街１９８號,一功遇見,52,27.8,None
Kaohsiung-city,鼓山區,龍水二路２８號,慶旺美術高峰會,108,27.6,None
Kaohsiung-city,前鎮區,中華五路７５６號,振美建設貝拉莫里,132,27.3,None
Kaohsiung-city,鼓山區,美術館路１６５號,天邑建設-皇邑,50,27.3,None
Kaohsiung-city,新興區,民生二路３６號,馨馥華,143,27.2,95
Kaohsiung-city,前金區,光復一街//自強二路,太普尚隱,118,26.9,60
Kaohsiung-city,左營區,博愛三路３８８號,YOO馥建築,106,26.9,98
Kaohsiung-city,左營區,政德路２８６號,聯上涵景,46,26.9,None
Kaohsiung-city,三民區,平等路１２１之１號,御花園,47,26.7,None
Kaohsiung-city,鼓山區,神農路１５１號,克里翁,79,26.4,99
Kaohsiung-city,前鎮區,忠誠路２６０巷１號,陽光城堡,32,26.4,100
Kaohsiung-city,苓雅區,四維三路//民權一路//永定街,都廳苑,323,26.3,132
Kaohsiung-city,鼓山區,裕誠路//龍勝路,華人匯,252,26.3,111
Kaohsiung-city,鼓山區,美術北三路//美術東二路,皇苑逸品苑,154,26.3,103
Kaohsiung-city,苓雅區,海邊路２７號,雪梨,83,26.2,None
Kaohsiung-city,左營區,曾子路２７４巷１０號,裔勢代,64,26.1,None
Kaohsiung-city,鳥松區,明湖路１號,澄峰,222,26,88
Kaohsiung-city,鼓山區,裕誠路１７９１號,帝品苑,181,25.9,76
Kaohsiung-city,前鎮區,中山二路１９８號,星海灣,121,25.8,None
Kaohsiung-city,新興區,復興一路８９號,慶旺DC,182,25.8,None
Kaohsiung-city,苓雅區,河北路２３５號,寬境,98,25.7,79
Kaohsiung-city,鼓山區,美術東五路１６６號,皇苑人文觀邸,105,25.6,94
Kaohsiung-city,鼓山區,美術北五街//美術東二路,吉松-擁樂,203,25.4,72
Kaohsiung-city,鼓山區,美術館路１８７號,皇苑人文臻藏,105,25.4,55
Kaohsiung-city,鼓山區,美術東二路//美術南三路,堅山涵仰,92,25.3,None
Kaohsiung-city,鼓山區,美術南三路３１７號,太普美術君臨,192,25.3,None
Kaohsiung-city,鼓山區,神農路１６１號,大千,207,25.3,60
Kaohsiung-city,苓雅區,永樂街//仁愛三街,鳳凰交響曲,100,25.1,66
Kaohsiung-city,左營區,立信路２５號,松丰,65,25.1,None
Kaohsiung-city,鼓山區,大順一路８５７號,極境(曼陀羅),76,25,84
Kaohsiung-city,前鎮區,光華二路//南寧街,三發晶沙,345,25,None
Kaohsiung-city,鼓山區,龍德路４５１號,京城達觀,137,25,67
Kaohsiung-city,苓雅區,同慶路//和平一路,文化師苑,236,24.9,54
Kaohsiung-city,左營區,忠言路//太華街//忠貞街,自由悅讀,106,24.8,67
Kaohsiung-city,鼓山區,河西一路１４６３號,全誠遠見萊茵,77,24.8,48
Kaohsiung-city,左營區,富民路//至聖路//嘉慶街,曇奇,80,24.7,85
Kaohsiung-city,鹽埕區,五福四路８１號,港灣麗池,72,24.7,None
Kaohsiung-city,鼓山區,馬卡道路３９１號,永信仰森,103,24.7,69
Kaohsiung-city,前金區,自強二路//五福三路,福懋精湛,98,24.6,35
Kaohsiung-city,前鎮區,中山二路１８２號,聯上i-home,144,24.6,None
Kaohsiung-city,鼓山區,中華一路//美術東五路,全誠遠見御琚,66,24.5,78
Kaohsiung-city,左營區,立文路８８號,聯上F1,173,24.5,None
Kaohsiung-city,左營區,立大路８２號,植見築,32,24.5,None
Kaohsiung-city,鼓山區,明誠四路２０８號,觀美術,53,24.5,64
Kaohsiung-city,鼓山區,美術東四路３９６號,鼎宇美術館,156,24.5,52
Kaohsiung-city,鼓山區,龍水二路１７號,本業千代岩,84,24.4,None
Kaohsiung-city,左營區,保靖街４５號,水丰尚,155,24.4,None
Kaohsiung-city,鼓山區,美術東六街２５０號,光洲 沐謙樺,57,24.3,47
Kaohsiung-city,左營區,孟子路３５８號,太子市博,56,24.3,62
Kaohsiung-city,鼓山區,美術南二路１２號,慶旺美河峰,68,24.1,None
Kaohsiung-city,三民區,褒揚東街//文安南街,帝匯,159,24.1,44
Kaohsiung-city,三民區,明仁路３６號,聯上草雲,108,24.1,118
Kaohsiung-city,新興區,復興街１６號,鳳凰苑,52,24.1,None
Kaohsiung-city,前金區,自強二路４９號,臻鑫,14,24.1,None
Kaohsiung-city,三民區,河堤路５９８號,達麗河美,36,24.1,82
Kaohsiung-city,鼓山區,美術北三路２００號,名陞I-HOME3,101,24.1,33
Kaohsiung-city,鼓山區,南屏路８４９號,堅山大世紀,338,24.1,30
Kaohsiung-city,新興區,五福一路１０８號,登峰,206,24,None
Kaohsiung-city,左營區,正心街８５號,I HOME,70,24,27
Kaohsiung-city,三民區,民族一路５４５號,冠億夢世紀,60,24,None
Kaohsiung-city,鼓山區,馬卡道路３３９號,城揚美術森林,112,24,32
Kaohsiung-city,鼓山區,美術館路//美術東二路,麗晶最上石美術園區,28,23.9,None
Kaohsiung-city,左營區,太華街５５號,璟立方,44,23.9,23
Kaohsiung-city,左營區,重愛路//博愛四路,協勝發TOP,160,23.9,57
Kaohsiung-city,鼓山區,美術南一街１００號,利融璞御,25,23.8,None
Kaohsiung-city,左營區,文奇路//重化街,百達富儷,59,23.8,58
Kaohsiung-city,苓雅區,四維二路３２７號,新四維,19,23.8,50
Kaohsiung-city,苓雅區,光明街//海邊路,愛上悅讀,157,23.8,26
Kaohsiung-city,前鎮區,中山二路７８號,棋琴九重奏,136,23.7,None
Kaohsiung-city,鼓山區,文忠路２號,捷運城品,95,23.7,37
Kaohsiung-city,鼓山區,文信路２４６號,聯上真品,116,23.7,51
Kaohsiung-city,前金區,長生街６號,達麗川普,31,23.7,None
Kaohsiung-city,苓雅區,和平一路//四維二路,太子文化,136,23.6,57
Kaohsiung-city,鼓山區,美術南五街８２號,城揚城品,54,23.6,40
Kaohsiung-city,鳥松區,永善路//本華路//本興路,水方庭,89,23.6,None
Kaohsiung-city,鼓山區,富農路７８號,見真,96,23.5,114
Kaohsiung-city,苓雅區,仁愛三街//興中一路,太普君品,86,23.4,63
Kaohsiung-city,鼓山區,裕國街１３號,郁見築,51,23.4,60
Kaohsiung-city,鼓山區,龍勝路２８號,Aman16,98,23.3,None
Kaohsiung-city,苓雅區,四維二路４６號,名揚四海,82,23.3,None
Kaohsiung-city,左營區,重清路//重偉街,至順親親寶貝,92,23.2,32
Kaohsiung-city,鼓山區,龍水二路１１號,鼎宇美術愛河,72,23.2,None
Kaohsiung-city,苓雅區,民族二路//中東街,國王一號院,181,23.2,None
Kaohsiung-city,左營區,文智路１２２號,悠然,50,23.2,None
Kaohsiung-city,左營區,文學路２６７號,遠見青山,40,23.2,None
Kaohsiung-city,左營區,新莊一路９號,棋琴文蓮苑,57,23.1,None
Kaohsiung-city,三民區,明仁路//河堤路,河隄之心,178,23.1,91
Kaohsiung-city,左營區,新榮街//新莊一路,世紀經典,75,23.1,47
Kaohsiung-city,前鎮區,林森四路１６６號,林森166,33,23,None
Kaohsiung-city,苓雅區,仁德街//興中二路,城揚,150,22.9,None
Kaohsiung-city,新興區,忠孝一路２７１號,謙邑,27,22.9,None
Kaohsiung-city,左營區,博愛二路５７６號,和楓,146,22.8,65
Kaohsiung-city,鼓山區,美術南五街４８號,劦勝發時光廊,27,22.8,None
Kaohsiung-city,鼓山區,明誠三路４３５號,京城京典,178,22.7,None
Kaohsiung-city,鼓山區,富農路//龍德路,全誠遠見新宿,70,22.7,27
Kaohsiung-city,鼓山區,富農路//龍勝路,巴黎,159,22.7,39
Kaohsiung-city,左營區,文康路４０號,阿曼W,49,22.7,None
Kaohsiung-city,左營區,文府路２３５號,Le More站前100,26,22.7,None
Kaohsiung-city,前金區,旺盛街２６號,棋琴八重奏,26,22.6,None
Kaohsiung-city,新興區,七賢一路//同心路,京城圓頂,109,22.6,86
Kaohsiung-city,左營區,新榮街１５１號,巨蛋首席,35,22.6,47
Kaohsiung-city,鼓山區,龍文街１７號,新感性學園,107,22.5,None
Kaohsiung-city,鼓山區,河西一路１４５７號,昆庭棋琴十重奏,34,22.5,None
Kaohsiung-city,左營區,博愛四路２８０號,鼎宇博愛之星,97,22.5,186
Kaohsiung-city,左營區,辛亥路１１５號,夏威夷大廈,44,22.5,None
Kaohsiung-city,鼓山區,文信路//昌盛路,GIGA巨蛋核心城,190,22.5,55
Kaohsiung-city,鼓山區,富農路１９６號,國王藝術城堡,55,22.4,115
Kaohsiung-city,鼓山區,河西一路１３０３號,源鑫水悅ABD棟,37,22.4,76
Kaohsiung-city,鼓山區,富農路９６號,京城國寶大廈,266,22.3,38
Kaohsiung-city,左營區,文川路４６號,文川大樓,57,22.3,None
Kaohsiung-city,左營區,文自路//孟子路//重化街,上東區,120,22.3,54
Kaohsiung-city,鼓山區,明誠四路２７０號,鼎宇美術園邸B,138,22.3,110
Kaohsiung-city,鼓山區,富農路//龍德路,皇苑人文經典,91,22.3,None
Kaohsiung-city,鼓山區,美術東四路//美術南三路,全誠遠見美術紀,92,22.3,52
Kaohsiung-city,鼓山區,美術南五街２７２號,本業艾美館,98,22.2,None
Kaohsiung-city,左營區,明華一路１５０號,漢神DC,112,22.2,40
Kaohsiung-city,鼓山區,文忠路７３號,泰暘彩虹,84,22.2,None
Kaohsiung-city,鼓山區,美術東二路２５５號,鼎宇美術綠墅,62,22.2,49
Kaohsiung-city,三民區,九如一路６１５號,綠博館,70,22.2,58
Kaohsiung-city,新興區,七賢一路５０６號,領賢,55,22.1,64
Kaohsiung-city,鼓山區,美術東四路３６５號,雙城匯,175,22.1,52
Kaohsiung-city,鼓山區,大順一路//南屏路,臻美,119,22.1,40
Kaohsiung-city,苓雅區,四維三路２５１號,聖田四維,57,22,103
Kaohsiung-city,鼓山區,美術東八街２號,全誠遠見藝品,81,22,None
Kaohsiung-city,鼓山區,龍水二路９９號,全誠悅龍灣,216,22,None
Kaohsiung-city,左營區,文自路//重和路,新光城,89,22,None
Kaohsiung-city,三民區,中華二路２１２號,百達儷景,60,22,None
Kaohsiung-city,左營區,重立路８６０號,璟美,36,22,None
Kaohsiung-city,鼓山區,華榮路６１８號,荷必館,130,21.9,None
Kaohsiung-city,左營區,崇德路１００號,雲品苑,98,21.9,65
Kaohsiung-city,新興區,球庭路６８號,四季,46,21.9,None
Kaohsiung-city,鼓山區,大順一路４５１號,原鑄,125,21.9,49
Kaohsiung-city,鼓山區,裕誠路１５０９之５號,原砌,46,21.8,51
Kaohsiung-city,前鎮區,林森四路//中華五路,法國愛樂,67,21.8,None
Kaohsiung-city,左營區,博愛二路１０２號,博愛天下,114,21.8,50
Kaohsiung-city,鼓山區,龍德路３３１號,最上境,204,21.8,None
Kaohsiung-city,左營區,安吉街４２２號,麗晶石上流,79,21.8,66
Kaohsiung-city,左營區,東門路//明倫路,聯上美學館,159,21.7,41
Kaohsiung-city,鼓山區,美術東二路３１５號,全誠至真,86,21.7,48
Kaohsiung-city,鼓山區,龍德路３８９號,京城新都心,142,21.7,None
Kaohsiung-city,鼓山區,裕誠路２１２２號,京城哈佛,85,21.7,None
Kaohsiung-city,苓雅區,建民路//中正一路,至善一品,191,21.6,61
Kaohsiung-city,苓雅區,仁義街２１號,美麗party,164,21.6,None
Kaohsiung-city,新興區,興華路５５號,閃耀之旅,193,21.6,47
Kaohsiung-city,鼓山區,明誠三路４６７號,昆庭棋琴六重奏,189,21.6,37
Kaohsiung-city,苓雅區,允文街１３１號,漢巢DC,30,21.6,None
Kaohsiung-city,左營區,文天路//重愛路,太普上新光,115,21.6,43
Kaohsiung-city,前鎮區,中華五路１４３１號,星光,138,21.6,None
Kaohsiung-city,左營區,辛亥路２５０號,花賞,209,21.6,78
Kaohsiung-city,鼓山區,龍德路//神農路,麗緻春天,110,21.6,38
Kaohsiung-city,鼓山區,裕誠路//南屏路,城市光點,98,21.6,32
Kaohsiung-city,鼓山區,美術東八街１８號,城揚森美術,115,21.5,None
Kaohsiung-city,鼓山區,富農路//龍德路,溫莎堡,194,21.5,93
Kaohsiung-city,三民區,民族一路//鼎祥街,友友百達富御,86,21.5,None
Kaohsiung-city,左營區,博愛四路８號,博愛匯,178,21.5,56
Kaohsiung-city,苓雅區,四維二路//和平一路,高屋國家一品,60,21.5,None
Kaohsiung-city,左營區,光興街//明誠二路,全誠遠見,111,21.5,55
Kaohsiung-city,左營區,辛亥路//裕誠路,城市光采,56,21.4,55
Kaohsiung-city,新興區,八德二路//南台路,恆上鉑悅,88,21.4,None
Kaohsiung-city,苓雅區,三多二路３７２號,福懋首耀,76,21.4,None
Kaohsiung-city,三民區,大連街３６２號,河左岸,98,21.4,None
Kaohsiung-city,鼓山區,河西一路//美術南二路,北京城揚波堤,168,21.4,38
Kaohsiung-city,鼓山區,美術北五街９８號,太普藏風景,58,21.4,61
Kaohsiung-city,鼓山區,美術北三路１１７號,全誠遠見御苑,57,21.4,86
Kaohsiung-city,鼓山區,青海路２９２號,全誠遠見風荷,36,21.4,91
Kaohsiung-city,鼓山區,龍德路２８９號,國王城堡,141,21.3,130
Kaohsiung-city,左營區,文德路//重偉街,泰陽泰郡,86,21.3,43
Kaohsiung-city,鼓山區,美術北三路２４０號,興富發~國王傳奇2,142,21.3,67
Kaohsiung-city,鳳山區,福誠三街７９號,哲林,159,21.3,None
Kaohsiung-city,左營區,文天路//重愛路,郡都巴洛克,149,21.3,None
Kaohsiung-city,苓雅區,青年一路２９號,百立皇冠,185,21.3,None
Kaohsiung-city,鼓山區,美明路//美術東二路,全誠至美,139,21.2,61
Kaohsiung-city,左營區,文自路//重信路,捷寶二期,52,21.2,32
Kaohsiung-city,鼓山區,美術館路//美術南一街,國城天下,77,21.2,85
Kaohsiung-city,鼓山區,明誠四路２５６號,鼎宇美術園邸A,137,21.2,101
Kaohsiung-city,前鎮區,鄭和南路３５３號,國艷,275,21.2,None
Kaohsiung-city,鼓山區,龍勝路７２號,飛揚,98,21.1,None
Kaohsiung-city,左營區,文天路//重義路//文川路,遠見富麗,109,21.1,48
Kaohsiung-city,新興區,五福二路１３６號,福懋精硯,58,21.1,81
Kaohsiung-city,前鎮區,復興三路２５８號,聚馥,81,21.1,47
Kaohsiung-city,鼓山區,華泰路２８６號,敦園,39,21.1,None
Kaohsiung-city,左營區,至聖路//富國路,泰荷清歡,136,21.1,67
Kaohsiung-city,鼓山區,龍勝路２號,現代風華,133,21.1,None
Kaohsiung-city,左營區,大順一路２６８號,采揚天,105,21.1,43
Kaohsiung-city,鼓山區,文信路２２５號,都會情人,245,21.1,34
Kaohsiung-city,鼓山區,明華路２９０號,明華大樓,116,21,49
Kaohsiung-city,鼓山區,龍文街６９號,麗緻新都,89,21,None
Kaohsiung-city,鼓山區,裕國街３３３號,新雪梨,154,21,33
Kaohsiung-city,鼓山區,美術南二路４０號,城揚河歌山,189,21,42
Kaohsiung-city,左營區,孟子路//立大路,三嘉夢想館,74,21,None
Kaohsiung-city,苓雅區,自強三路１７５號,天悅,106,21,None
Kaohsiung-city,苓雅區,青年二路６５號,福懋鼎湛,76,21,None
Kaohsiung-city,三民區,澄清路//天民路,甲六園,55,21,60
Kaohsiung-city,左營區,文川路２２６號,郡都線上,58,21,22
Kaohsiung-city,左營區,孟子路３１號,費珈洛,57,21,None
Kaohsiung-city,苓雅區,光華一路１４８之９０號,百立宮廷,114,21,42
Kaohsiung-city,左營區,明華一路//德威街,京城之星,226,21,50
Kaohsiung-city,鼓山區,龍德路//大順一路,南洋之星,191,21,36
Kaohsiung-city,左營區,新榮街//新勝街,領市館,105,20.9,50
Kaohsiung-city,前金區,光明街１號,大立薇閣,44,20.9,None
Kaohsiung-city,前金區,旺盛街//自強一路,星河匯,46,20.9,None
Kaohsiung-city,三民區,興昌街４１號,國城幸福洲,68,20.9,None
Kaohsiung-city,鼓山區,美術館路９號,遠見吉品,106,20.9,None
Kaohsiung-city,鼓山區,大順一路//裕誠路,遠見豪景,55,20.9,55
Kaohsiung-city,鼓山區,文信路２１０號,琉璃園,210,20.9,31
Kaohsiung-city,鼓山區,昌盛路３０６號,可愛邑,86,20.9,41
Kaohsiung-city,前金區,七賢二路２８０號,愛琴河,85,20.8,None
Kaohsiung-city,鳳山區,三誠路//福誠二街,永信沐林,178,20.8,None
Kaohsiung-city,前鎮區,萬和街８號,居見築,116,20.8,42
Kaohsiung-city,苓雅區,同慶路６０號,同慶師苑,128,20.8,None
Kaohsiung-city,苓雅區,林德街//林泉街//廣州一街,林德街國泰中正廣場大樓,210,20.8,70
Kaohsiung-city,鼓山區,裕誠路//美術東三路,遠見誠品,93,20.8,40
Kaohsiung-city,鼓山區,華榮路//明誠三路//明倫路,法蝶,73,20.8,None
Kaohsiung-city,鼓山區,龍勝路５０號,大未來,109,20.7,None
Kaohsiung-city,鼓山區,龍勝路１３８號,摩登國城,203,20.7,None
Kaohsiung-city,鼓山區,美術東八街１０８號,崑庭十三重奏,51,20.7,31
Kaohsiung-city,苓雅區,英祥街//英明路,文學大道,136,20.7,50
Kaohsiung-city,前金區,市中一路１５號,鳳凰愛河,79,20.7,None
Kaohsiung-city,苓雅區,民享街//林森二路,玉見,23,20.7,58
Kaohsiung-city,左營區,立大路//重上街,星光R15,52,20.7,None
Kaohsiung-city,前鎮區,籬仔內路２９巷２號,百達悅品,74,20.7,49
Kaohsiung-city,三民區,覺民路６００號,鳳凰樂,58,20.7,None
Kaohsiung-city,三民區,義華路//壽昌路,高人一等,59,20.7,49
Kaohsiung-city,鼓山區,明華路//昌盛路,石上麗晶,126,20.7,36
Kaohsiung-city,鼓山區,文忠路７０號,城市光華,86,20.7,41
Kaohsiung-city,苓雅區,光明街//海邊路,柏林愛樂,126,20.6,None
Kaohsiung-city,三民區,澄清路６８０號,帝凡妮,133,20.6,51
Kaohsiung-city,三民區,鼎力路６６號,文鼎苑,199,20.6,None
Kaohsiung-city,鼓山區,美術東四路//美術館路,北京陽光藝花園,256,20.6,43
Kaohsiung-city,鼓山區,美術東六街１７６號,居富開發人本自然,116,20.6,36
Kaohsiung-city,前鎮區,管仲南路//光華三路,太普MOMA,223,20.6,None
Kaohsiung-city,鼓山區,美術東二路２６５號,全誠至善,56,20.5,51
Kaohsiung-city,鼓山區,裕國街８３號,悅讀工坊,143,20.5,None
Kaohsiung-city,前金區,中山橫路//新盛一街,Q1,207,20.5,36
Kaohsiung-city,左營區,文強路１８３號,微風花園,114,20.5,29
Kaohsiung-city,左營區,重建路//文川路,太普新光線上,90,20.5,87
Kaohsiung-city,鹽埕區,七賢三路//新興街,海揚-七賢區,166,20.5,None
Kaohsiung-city,左營區,修明街７９號,清靜怡園,35,20.5,None
Kaohsiung-city,三民區,明哲路//明賢街//明仁路,春天,175,20.5,94
Kaohsiung-city,鼓山區,美術南三路//美術東二路,北京藝術大街,271,20.5,30
Kaohsiung-city,鼓山區,博愛二路３４５號,博愛佳人,136,20.5,None
Kaohsiung-city,鼓山區,美術東六街１９號,隆大美術鳳凰,48,20.5,38
Kaohsiung-city,前鎮區,中華五路１４６１號,恆上海悅,85,20.5,None
Kaohsiung-city,鼓山區,美術東四路//明誠四路,京城上品,79,20.4,68
Kaohsiung-city,鼓山區,美術南一街７０號,麗晶磐石,22,20.4,None
Kaohsiung-city,鼓山區,美術東六街８１號,京城貝多芬,80,20.4,31
Kaohsiung-city,左營區,博愛三路９１號,香榭麗緻,120,20.4,34
Kaohsiung-city,左營區,崇德路//文自路,太普NEWS,208,20.3,36
Kaohsiung-city,苓雅區,永昌街２號,四維鑲波,62,20.3,55
Kaohsiung-city,左營區,立大路１８１號,漢神微風,59,20.3,None
Kaohsiung-city,鼓山區,美術東二路//美術館路,麗晶最上石藝術園區,84,20.3,31
Kaohsiung-city,鼓山區,裕國街１２３號,亞歷山大,322,20.3,None
Kaohsiung-city,鼓山區,南屏路//昌盛路,麗緻四季,114,20.3,34
Kaohsiung-city,鼓山區,美術北三路//美術東七街,阿曼會館(京城京豔),159,20.3,32
Kaohsiung-city,前鎮區,光華三路//鄭和南路,百達翡儷,175,20.3,45
Kaohsiung-city,苓雅區,和平一路７６號,和平賞,54,20.2,58
Kaohsiung-city,左營區,南屏路１０２號,吾雙,46,20.2,None
Kaohsiung-city,三民區,懷安街１號,昇華,21,20.2,49
Kaohsiung-city,三民區,鼎中路//金山路,MANY協勝發,137,20.2,None
Kaohsiung-city,左營區,立信路２０８號,京城雅築,35,20.2,None
Kaohsiung-city,鼓山區,南屏路//文忠路//文信路,采荷天,152,20.2,37
Kaohsiung-city,鳳山區,文鳳路７１號,圓周率,113,20.1,42
Kaohsiung-city,鼓山區,文忠路//明倫路,城市光宴,86,20.1,56
Kaohsiung-city,三民區,文揚街９５號,湖立方,74,20.1,None
Kaohsiung-city,三民區,民族一路８５４巷１３號,愛的時尚,54,20.1,None
Kaohsiung-city,鼓山區,美術館路２７７號,家安璞石,94,20.1,82
Kaohsiung-city,左營區,明華一路//安吉街,夏都,161,20.1,93
Kaohsiung-city,左營區,保靖街５７號,聯上公園院,53,20,26
Kaohsiung-city,左營區,孟子路５２０號,甜蜜家庭,162,20,52
Kaohsiung-city,三民區,聯興路４０號,日光流域,75,20,35
Kaohsiung-city,三民區,大順二路４８號,W建築,174,19.9,42
Kaohsiung-city,鼓山區,美術北五街１１２號,興富發-國王傳奇1,118,19.9,80
Kaohsiung-city,左營區,新莊一路７１號,麗馥,78,19.9,None
Kaohsiung-city,前金區,河東路１７６號,夢萊茵,202,19.9,50
Kaohsiung-city,左營區,保靖街１號,恆上公園院,65,19.9,43
Kaohsiung-city,鼓山區,美術東二路４６號,京城康橋,243,19.9,33
Kaohsiung-city,鼓山區,裕誠路１９１２號,新世界,79,19.8,None
Kaohsiung-city,鼓山區,龍勝路８２號,紐約,185,19.8,44
Kaohsiung-city,左營區,政德路//孟子路//重明路,水蓮天1期,83,19.8,None
Kaohsiung-city,左營區,博愛三路２５１號,芙蓮天,81,19.8,44
Kaohsiung-city,鼓山區,龍水路１９９號,大專人間美術,27,19.8,None
Kaohsiung-city,三民區,河北二路//繼光街,幸福川,83,19.8,None
Kaohsiung-city,鼓山區,美術南三路２０７號,京城國家美術館,268,19.8,80
Kaohsiung-city,鼓山區,美術北三路//美術東二路,城揚美北岸,185,19.8,46
Kaohsiung-city,前金區,河南二路１４５號,美麗官邸,73,19.7,53
Kaohsiung-city,前金區,新盛二街//自立橫路,中正美麗殿,221,19.7,54
Kaohsiung-city,左營區,南屏路２６６號,築硯,72,19.7,None
Kaohsiung-city,苓雅區,民權一路３９巷１號,民權特區,24,19.7,45
Kaohsiung-city,鼓山區,美術北三路//美術東七街//美術東二路,太普風格．美學,442,19.7,49
Kaohsiung-city,鼓山區,馬卡道路３９８號,學院建設至善園,63,19.7,38
Kaohsiung-city,鼓山區,篤敬路//昌盛路//明華路,采翔天,160,19.7,34
Kaohsiung-city,鼓山區,美明路３２號,齊裕美術DC,73,19.7,29
Kaohsiung-city,鼓山區,青海路//美術東四路,京城101,174,19.7,26
Kaohsiung-city,鳳山區,文衡路５６６號,敦王臻品,114,19.6,39
Kaohsiung-city,前鎮區,管仲南路３６６號,太普D＆G,246,19.6,27
Kaohsiung-city,鼓山區,明誠三路６５７號,現代京城,225,19.6,36
Kaohsiung-city,鼓山區,文信路//文忠路,芳崗行館,50,19.6,38
Kaohsiung-city,左營區,文天路１５０號,三越站前,48,19.6,None
Kaohsiung-city,鼓山區,美術東三路１６號,京城凱撒,149,19.6,None
Kaohsiung-city,鼓山區,美術北一街４５號,京城活力美術,114,19.6,36
Kaohsiung-city,左營區,立信路//博愛二路,博愛100,180,19.6,38
Kaohsiung-city,苓雅區,福建街//三多二路,興益發之新馥華,58,19.5,73
Kaohsiung-city,左營區,博愛二路４１８號,博愛,306,19.5,34
Kaohsiung-city,左營區,文川路１８號,臻居,16,19.5,None
Kaohsiung-city,三民區,天祥一路２２號,漢神線上,87,19.5,None
Kaohsiung-city,鹽埕區,光榮街８５號,愛河灣,53,19.5,27
Kaohsiung-city,鼓山區,美術東四路２８９號,北京美術東世界,217,19.5,37
Kaohsiung-city,鼓山區,美術東八街８２號,京城米羅,123,19.5,38
Kaohsiung-city,鼓山區,馬卡道路４０６號,恆上君悅,143,19.5,56
Kaohsiung-city,左營區,文強路３００號,捷運純品,137,19.4,35
Kaohsiung-city,鼓山區,昌盛路８號,琉璃坊,148,19.4,26
Kaohsiung-city,鼓山區,文忠路８８號,美麗City,39,19.4,32
Kaohsiung-city,前金區,七賢二路２８９號,君河苑,52,19.4,62
Kaohsiung-city,前鎮區,育樂路１６１號,文化和平,47,19.4,None
Kaohsiung-city,鼓山區,美術南三路１９６號,京城愛麗絲,77,19.4,31
Kaohsiung-city,左營區,博愛三路６３１號,香格里拉,68,19.4,None
Kaohsiung-city,鼓山區,明倫路//文信路,美麗PartyII,146,19.4,41
Kaohsiung-city,三民區,民族一路７０２之５號,太普上河堤,241,19.3,None
Kaohsiung-city,鳳山區,建國路三段１５５號,凱旋門,245,19.3,46
Kaohsiung-city,左營區,華夏路１３８６號,達麗宮廷,138,19.3,64
Kaohsiung-city,左營區,重孝路８號,向學,57,19.3,61
Kaohsiung-city,鳳山區,三誠路８６號,祥城三誠,89,19.3,None
Kaohsiung-city,苓雅區,民權一路８７號,百立首府帝國,73,19.3,83
Kaohsiung-city,苓雅區,仁德街//三多四路,琢真園,126,19.3,60
Kaohsiung-city,鼓山區,美術東四路４３９號,京城莫札特(優活),197,19.3,36
Kaohsiung-city,鼓山區,美術南三路２５３號,京城畢卡索,182,19.3,45
Kaohsiung-city,前鎮區,鄭和南路４２２號,夢翔,201,19.3,None
Kaohsiung-city,左營區,文強路２３３號,華雄E世代,64,19.3,26
Kaohsiung-city,左營區,重和路//博愛四路,高鐵站前,175,19.2,162
Kaohsiung-city,三民區,華德街//建昌路,百達儷緻,176,19.2,None
Kaohsiung-city,三民區,天祥二路１８號,城揚匯河堤,216,19.2,44
Kaohsiung-city,左營區,文天路１５２號,三閱,101,19.2,31
Kaohsiung-city,前鎮區,瑞隆路５２１號,凡瑞登,137,19.2,None
Kaohsiung-city,前鎮區,武慶一路//永豐路,廳籟,90,19.2,None
Kaohsiung-city,左營區,立大路//崇德路,BEST巨蛋核心城II,105,19.2,None
Kaohsiung-city,新興區,興邦路８２號,聖田靜園,43,19.2,60
Kaohsiung-city,鳥松區,圓山路１號,圓山仰德,61,19.2,147
Kaohsiung-city,鼓山區,美術北三路２２５號,京城馬爾地夫,199,19.2,44
Kaohsiung-city,鼓山區,美術東二路１３２巷１６號,京城羅丹,81,19.2,41
Kaohsiung-city,鼓山區,美術東六街２２２號,遠來雅靜園,30,19.2,33
Kaohsiung-city,前金區,文武二街２００號,慾望城市,75,19.1,30
Kaohsiung-city,苓雅區,輔仁路３３３號,苓雅香榭,85,19.1,None
Kaohsiung-city,三民區,旅順街//青島街,京緻,37,19.1,None
Kaohsiung-city,三民區,明誠二路//河堤路//明哲路//明賢街,長谷國家音樂廳,260,19.1,70
Kaohsiung-city,苓雅區,復興二路１２８號,聖田首府,36,19.1,97
Kaohsiung-city,鼓山區,美術東六街//明誠四路,鼎宇雅築,80,19.1,48
Kaohsiung-city,鼓山區,美術東四路//明誠四路,全誠藝術館,95,19.1,51
Kaohsiung-city,鼓山區,美術南五街//美術南二路,京城夏綠地(維也納),157,19.1,44
Kaohsiung-city,鼓山區,美術南三路６７號,京城梵谷,99,19.1,34
Kaohsiung-city,左營區,安吉街//富民路,采華天,152,19.1,34
Kaohsiung-city,苓雅區,建國一路１６９號,城市桂冠,116,19,None
Kaohsiung-city,左營區,重上街//文奇路//重化街,當代SMILE,132,19,37
Kaohsiung-city,鼓山區,美術東四路//美術東五路,和築印象巴黎,500,19,59
Kaohsiung-city,左營區,新莊一路１９５號,北國輕井澤,135,19,None
Kaohsiung-city,左營區,富民路//大順一路,東泰特快,157,19,30
Kaohsiung-city,三民區,鼎金後路４３２號,綠園道,149,19,None
Kaohsiung-city,三民區,民族一路５６７號,居富品見築,42,19,None
Kaohsiung-city,三民區,鼎力路１６６號,愛上巨蛋,140,19,None
Kaohsiung-city,前鎮區,三多三路８３號,京城貴賓,163,18.9,36
Kaohsiung-city,左營區,華夏路３４３號,悅讀天詩,68,18.9,73
Kaohsiung-city,苓雅區,信守街//民族二路,寶成經典皇家,225,18.9,60
Kaohsiung-city,鼓山區,美術北一街//美術東二路,嵩豐悅美術,86,18.9,63
Kaohsiung-city,鼓山區,美術北一街//馬卡道路,華雄極美,128,18.9,51
Kaohsiung-city,左營區,嘉慶街//富國路//至聖路,富國大街,227,18.9,43
Kaohsiung-city,新興區,林森一路３７號,福懋湛賞,32,18.8,None
Kaohsiung-city,左營區,南屏路３６２號,遠見臻品,151,18.8,None
Kaohsiung-city,苓雅區,英祥街//英明路,品學之道,121,18.8,53
Kaohsiung-city,前鎮區,武德街//瑞愛街,輕軌線上,156,18.8,None
Kaohsiung-city,左營區,富民路//明華一路,采蓮天,139,18.8,34
Kaohsiung-city,鳥松區,圓山北路１１號,原山主人,36,18.8,75
Kaohsiung-city,鼓山區,明倫路//裕誠路,星願城,94,18.8,36
Kaohsiung-city,新興區,民主路５９號,鳳凰麗緻,100,18.7,None
Kaohsiung-city,鼓山區,美術南二路１６２號,串本春天,73,18.7,31
Kaohsiung-city,左營區,新莊一路３９７號,華爾道夫,43,18.7,70
Kaohsiung-city,左營區,重愛路//華夏路,協勝發LIFE,83,18.7,37
Kaohsiung-city,鼓山區,大順一路６１７巷１號,微風,73,18.7,None
Kaohsiung-city,左營區,至聖路７３號,光成書香宮庭,51,18.7,None
Kaohsiung-city,前鎮區,二聖一路//和平二路,律見築,98,18.7,32
Kaohsiung-city,左營區,修明街１２１號,人靜廬,39,18.7,None
Kaohsiung-city,鼓山區,美術北一街６１號,太普美術北一街,189,18.7,39
Kaohsiung-city,鼓山區,美明路４０號,齊裕新感性,99,18.7,31
Kaohsiung-city,鼓山區,美明路９８號,湟泰美術名家,54,18.7,40
Kaohsiung-city,前鎮區,光華三路１９１號,戀戀英國,205,18.7,45
Kaohsiung-city,鼓山區,裕國街//裕誠路,串本空間,69,18.6,None
Kaohsiung-city,鳳山區,文福街３２號,水工坊,143,18.6,None
Kaohsiung-city,左營區,文育路１號,快可麗,114,18.6,29
Kaohsiung-city,三民區,建興路８１號,THEONE,94,18.6,35
Kaohsiung-city,鼓山區,九如四路//華安街,美術川,142,18.6,None
Kaohsiung-city,左營區,孟子路//博愛三路//文強路,博愛童黨,153,18.6,20
Kaohsiung-city,前鎮區,光華三路２５１號,夢世代,217,18.6,None
Kaohsiung-city,前鎮區,廣東三街//和平二路,文化典藏,132,18.5,None
Kaohsiung-city,鳳山區,八德路１４３號,文山君品,174,18.5,None
Kaohsiung-city,苓雅區,新光路１４２號,國家海景名廈,94,18.5,None
Kaohsiung-city,三民區,建工路//建元路,當代五合院,204,18.5,62
Kaohsiung-city,左營區,明華一路//光興街,左岸,132,18.5,44
Kaohsiung-city,苓雅區,林南街//廣州一街,高屋國家廣場,48,18.5,56
Kaohsiung-city,鳳山區,文濱路//文衡路,新天地,272,18.4,37
Kaohsiung-city,左營區,華夏路//文萊路//孟子路,保時捷,166,18.4,125
Kaohsiung-city,左營區,重上街//文萊路//立大路,王家之戀,196,18.4,49
Kaohsiung-city,左營區,重立路//孟子路,麗晶最上園,146,18.4,37
Kaohsiung-city,鳳山區,文殿街６９號,。C,172,18.4,None
Kaohsiung-city,鳳山區,文化西路５９號,水舞間,129,18.4,None
Kaohsiung-city,前金區,允文街５１號,天星,125,18.4,None
Kaohsiung-city,鼓山區,文信路//文忠路,京城御花園,147,18.4,54
Kaohsiung-city,三民區,莊敬路２４０號,紐約新貴,41,18.4,None
Kaohsiung-city,鼓山區,美術南一街１１號,京城凡爾賽,50,18.4,70
Kaohsiung-city,鼓山區,美術東八街１０１號,鼎宇橘園,130,18.4,52
Kaohsiung-city,鼓山區,裕國街３３８號,英倫京城,53,18.3,None
Kaohsiung-city,三民區,建興路３９１巷２號,百達翡翠,307,18.3,50
Kaohsiung-city,三民區,鼎新路３３號,協勝發EZ,74,18.3,None
Kaohsiung-city,左營區,嘉慶街//忠貞街,園滿如邑,54,18.3,None
Kaohsiung-city,左營區,自由二路７９號,龍華新廈,123,18.3,53
Kaohsiung-city,左營區,新莊一路３７７號,長谷2000,175,18.3,50
Kaohsiung-city,鼓山區,美術北五街５５號,興富發-逸華庭,65,18.3,30
Kaohsiung-city,新興區,中正四路６５號,最佳女主角,143,18.2,None
Kaohsiung-city,前鎮區,二聖一路７９號,居心地,63,18.2,None
Kaohsiung-city,前金區,中正四路１１１號,寶成皇家藝品,77,18.2,None
Kaohsiung-city,鼓山區,明華路２７３號,花水木,44,18.2,27
Kaohsiung-city,左營區,崇德路//文自路//文強路,桂花田,202,18.2,36
Kaohsiung-city,苓雅區,青年一路//光華一路,文化真諦,31,18.1,120
Kaohsiung-city,左營區,文康路//重上街,皇苑雙星Ⅱ期,103,18.1,57
Kaohsiung-city,前鎮區,嘉陵街１號,鳳凰嘉陵大樓,69,18.1,32
Kaohsiung-city,左營區,自由三路//孟子路,自由麗晶,101,18.1,36
Kaohsiung-city,左營區,大順一路２２２號,大順伯爵,135,18.1,None
Kaohsiung-city,左營區,大順一路２５４號,新倫敦,127,18.1,None
Kaohsiung-city,左營區,富民路//明華一路,雲崗,100,18.1,40
Kaohsiung-city,鼓山區,美術南三路２２２號,嵩豐千禧緣,57,18.1,90
Kaohsiung-city,左營區,立信路２６８號,博愛新市民,99,18,None
Kaohsiung-city,前鎮區,翠亨北路３０３號,亞灣,52,18,52
Kaohsiung-city,三民區,大中一路１７１號,學院皇家之星,128,18,None
Kaohsiung-city,苓雅區,忠孝二路３號,京華富邑,122,18,229
Kaohsiung-city,前金區,市中一路９７號,天河,326,18,32
Kaohsiung-city,左營區,重光路７６號,水蓮天2期,55,17.9,None
Kaohsiung-city,三民區,教仁路//大順三路,高博館,297,17.9,45
Kaohsiung-city,鼓山區,華豐街１２６號,都市麗晶,157,17.9,32
Kaohsiung-city,左營區,民族一路//榮德街,赫米斯,193,17.9,41
Kaohsiung-city,前鎮區,新光路//文林街,摩天高雄,853,17.9,None
Kaohsiung-city,前鎮區,光華三路１５５號,龍騰首席,363,17.9,None
Kaohsiung-city,左營區,孟子路４１２號,博愛翠堤,48,17.8,35
Kaohsiung-city,鼓山區,美術東二路４７０號,太子紐約57街,240,17.8,38
Kaohsiung-city,鼓山區,美術東六街１９６號,京城雷諾瓦,144,17.8,47
Kaohsiung-city,左營區,德威街//富國路//安吉街,雲門天下,56,17.8,131
Kaohsiung-city,鼓山區,文忠路１２１號,弘麗,41,17.8,None
Kaohsiung-city,新興區,中正三路６３號,采藍天,70,17.7,43
Kaohsiung-city,鳳山區,文樂街２２號,京城茵花戀,114,17.7,41
Kaohsiung-city,三民區,九如一路５１０號,科博爵士,84,17.7,70
Kaohsiung-city,左營區,博愛四路//重義路,美妍舍,138,17.7,28
Kaohsiung-city,前鎮區,育樂路１７１號,文化翡翠,36,17.7,None
Kaohsiung-city,左營區,重忠路２１號,美麗尊邸,79,17.7,27
Kaohsiung-city,左營區,安吉街//自由二路,自由清境,78,17.7,None
Kaohsiung-city,左營區,文自路７８１號,新光 MY LINE,42,17.7,29
Kaohsiung-city,苓雅區,至誠路７３號,裕藏富邑,76,17.7,None
Kaohsiung-city,三民區,民族巷//民族一路,棋琴七重奏,259,17.6,41
Kaohsiung-city,左營區,重建路//文川路,高鐵京城棕櫚泉,199,17.6,29
Kaohsiung-city,鳳山區,八德路３６８號,文德苑,143,17.6,39
Kaohsiung-city,前鎮區,瑞南街４０號,捷市旅,143,17.6,None
Kaohsiung-city,前鎮區,翠村街//凱旋四路,捷運R6,97,17.6,None
Kaohsiung-city,前鎮區,凱旋四路９５０號,學苑典藏,140,17.6,None
Kaohsiung-city,三民區,民族一路６３３號,康朋街,102,17.6,None
Kaohsiung-city,新興區,同心路//錦田路//洛陽街,上頂至善,151,17.6,80
Kaohsiung-city,前鎮區,一心二路４７號,新中環,252,17.6,42
Kaohsiung-city,三民區,鼎文街５６號,太普美樹苑,153,17.6,None
Kaohsiung-city,左營區,重仁路５２號,甜蜜生活,68,17.5,22
Kaohsiung-city,左營區,重建路５２號,泰郡春天,143,17.5,33
Kaohsiung-city,鼓山區,鼓山三路//青海路,泰嘉水山硯1,159,17.5,None
Kaohsiung-city,鳳山區,和德街３１號,陽光西班牙,216,17.5,None
Kaohsiung-city,左營區,大中二路５６１號,荷心苑,171,17.5,None
Kaohsiung-city,三民區,延慶街１２１號,科博會館,123,17.4,43
Kaohsiung-city,鳳山區,建國路三段//文武街,水世紀,348,17.4,None
Kaohsiung-city,三民區,旅順街//青島街,富春,28,17.4,None
Kaohsiung-city,前金區,新盛二街８７號,獨立宣言,49,17.3,30
Kaohsiung-city,三民區,覺民路１９８號,陽明麗緻,158,17.3,31
Kaohsiung-city,左營區,重上街//崇德路,愛情海,185,17.3,37
Kaohsiung-city,左營區,重愛路//文學路,親愛京城,63,17.3,58
Kaohsiung-city,左營區,重立路//孟子路,太普自由自在,177,17.3,33
Kaohsiung-city,三民區,大順二路８６１號,光之豔,99,17.3,32
Kaohsiung-city,左營區,重政路//政德路,博源家堡,68,17.3,None
Kaohsiung-city,苓雅區,林泉街４０號,林泉街國泰中正廣場華廈,110,17.3,55
Kaohsiung-city,鼓山區,美術東六街//美術東五路,家築Bingo,423,17.3,51
Kaohsiung-city,左營區,保靖街２８號,遠見美景,75,17.3,81
Kaohsiung-city,鼓山區,南屏路//文忠路,天邑世家,99,17.3,22
Kaohsiung-city,左營區,重上街//重化街,京品館,118,17.2,36
Kaohsiung-city,鳳山區,新富路４２６號,大三園,186,17.2,None
Kaohsiung-city,左營區,大中二路８０８號,新光MORE,87,17.2,None
Kaohsiung-city,鼓山區,美術東六街//美術東一路,京城羅浮宮,120,17.2,None
Kaohsiung-city,左營區,南屏路２９３巷２２號,遠見麗景,99,17.2,39
Kaohsiung-city,左營區,重平路１１號,京城天堂鳥,129,17.1,32
Kaohsiung-city,前鎮區,和平二路２２７巷９號,文化馥麗,99,17.1,66
Kaohsiung-city,苓雅區,光華一路１４８之８３號,加冕人生,51,17.1,73
Kaohsiung-city,前鎮區,三多二路４２５號,采雲天,141,17.1,51
Kaohsiung-city,三民區,堯山街６２號,悅讀春天,70,17,25
Kaohsiung-city,三民區,興隆街８６號,京城亞都,133,17,None
Kaohsiung-city,左營區,文康路１２９巷２０號,時代爵邸,95,17,None
Kaohsiung-city,前鎮區,武慶一路１２８號,親親京城,226,17,None
Kaohsiung-city,左營區,重惠街８０號,溫莎堡大廈,80,17,26
Kaohsiung-city,前金區,中華三路８６號,全誠遠見經濟家,68,17,None
Kaohsiung-city,三民區,明誠一路１６１號,棋琴12重奏,85,17,None
Kaohsiung-city,左營區,忠言路９３號,都市理想家,99,17,None
Kaohsiung-city,鼓山區,明倫路//裕誠路,太子哈佛,144,17,None
Kaohsiung-city,新興區,明星街７１號,高旋晶華,37,16.9,44
Kaohsiung-city,左營區,文康路//重上街,皇苑雙星Ⅰ期,96,16.9,49
Kaohsiung-city,左營區,文川路//重景街,春川,136,16.9,41
Kaohsiung-city,左營區,博愛四路//重仁路,串本風尚,128,16.9,30
Kaohsiung-city,前金區,市中一路//光復二街,國賓官邸,96,16.9,None
Kaohsiung-city,三民區,建國三路３３５號,帝景苑,105,16.9,102
Kaohsiung-city,鳳山區,三誠路１８６巷４１弄１號,長谷高貴林,80,16.9,None
Kaohsiung-city,三民區,正興路//興隆街,遠東大博爵,193,16.9,None
Kaohsiung-city,左營區,富民路//明華一路,富天下,66,16.9,49
Kaohsiung-city,三民區,明吉路//明仁路,頂天麗地,97,16.9,40
Kaohsiung-city,前鎮區,翠亨北路３９９巷１號,河畔鑲波,69,16.8,None
Kaohsiung-city,三民區,大順二路１９３號,棋琴五重奏,171,16.8,34
Kaohsiung-city,左營區,立大路５２號,長谷蓮清,210,16.8,None
Kaohsiung-city,左營區,文瑞路//重立路,皇苑尊邸,220,16.8,58
Kaohsiung-city,左營區,榮德街//民族一路,夏威夷,202,16.8,45
Kaohsiung-city,鳳山區,北昌二街//北昌路,文華匯,150,16.8,None
Kaohsiung-city,鼓山區,文忠路//南屏路,春風得意市,143,16.8,None
Kaohsiung-city,左營區,大中二路７５１號,新光CITY,206,16.8,None
Kaohsiung-city,鼓山區,文忠路７６號,公園誠品,60,16.8,None
Kaohsiung-city,鼓山區,裕誠路//文忠路,裕誠富都,101,16.8,None
Kaohsiung-city,三民區,建工路７７６號,香頌,160,16.7,26
Kaohsiung-city,三民區,大昌二路９２號,微風輕井澤,185,16.7,23
Kaohsiung-city,左營區,榮德街//民族一路,堅山綠四季,46,16.7,73
Kaohsiung-city,左營區,文自路７８９號,康庭新世紀,135,16.7,40
Kaohsiung-city,三民區,自立一路//三民街,梵塞荷(北棟),148,16.7,35
Kaohsiung-city,前金區,市中一路//五福三路,頂洲建設,77,16.7,None
Kaohsiung-city,三民區,察哈爾二街１２號,察哈爾華廈,57,16.7,34
Kaohsiung-city,三民區,同盟二路//重慶街,翡翠園,105,16.7,36
Kaohsiung-city,三民區,明哲路//明福街//明吉路,劍橋,185,16.7,44
Kaohsiung-city,三民區,民禮路８１號,當代天下,103,16.7,36
Kaohsiung-city,左營區,曾子路//博愛三路,京城大道,369,16.7,93
Kaohsiung-city,三民區,大豐二路１１０號,春之樹,396,16.6,40
Kaohsiung-city,三民區,鼎昌街//鼎新路,當代LV,91,16.6,None
Kaohsiung-city,左營區,重立路//孟子路,孟想家,97,16.6,49
Kaohsiung-city,鳳山區,北維街２號,JIA,207,16.6,None
Kaohsiung-city,新興區,新田路９０號,新田京城,62,16.6,67
Kaohsiung-city,苓雅區,青年一路２２號,中正豪門(青年一路),187,16.6,49
Kaohsiung-city,三民區,明賢街//明吉路//裕誠路,蕭邦,300,16.6,42
Kaohsiung-city,苓雅區,光華一路１４８之８２號,百立帝國王座,50,16.6,77
Kaohsiung-city,三民區,皓東路７６巷２０號,鶴岡,95,16.5,33
Kaohsiung-city,鼓山區,明倫路//文信路,櫻花公園,75,16.5,None
Kaohsiung-city,三民區,鼎金中街４２巷１５號,YOU2,44,16.5,None
Kaohsiung-city,左營區,立大路４２８號,中央公園,117,16.5,None
Kaohsiung-city,鳳山區,建國路三段２９２號,陽光巴里島,357,16.4,None
Kaohsiung-city,左營區,重光路//政德路,森林海,58,16.4,None
Kaohsiung-city,鼓山區,明華路３０５號,音樂家,146,16.4,None
Kaohsiung-city,左營區,重立路１３６號,自由薪巢,63,16.4,37
Kaohsiung-city,左營區,太華街//富國路,龍鄉緣,86,16.4,44
Kaohsiung-city,左營區,新莊一路１６２號,傑座,216,16.4,None
Kaohsiung-city,左營區,介壽路２２１巷３號,京城四季,431,16.4,None
Kaohsiung-city,鳳山區,鳳甲一街//保華二路,悅讀ABC,183,16.4,None
Kaohsiung-city,鹽埕區,南屏路５３８號,新愛情花園,50,16.4,None
Kaohsiung-city,左營區,文慈路２６７號,茵茲堡B,129,16.4,38
Kaohsiung-city,苓雅區,五福一路//凱旋二路,警察一村,327,16.4,40
Kaohsiung-city,前鎮區,南寧街//景德路//衡陽街,光華星城,147,16.3,None
Kaohsiung-city,鳳山區,濱山街１９號,山湖戀,129,16.3,22
Kaohsiung-city,左營區,文萊路//華夏路//重上街,京城玫瑰園,172,16.3,129
Kaohsiung-city,左營區,文康路//孟子路,傲子邸,110,16.3,76
Kaohsiung-city,左營區,明華一路２０２號,都市新生活,194,16.3,None
Kaohsiung-city,左營區,富民路//至聖路//嘉慶街,博愛花鄉,76,16.3,67
Kaohsiung-city,前鎮區,瑞吉街//凱旋四路,悠遊市,62,16.3,None
Kaohsiung-city,鳳山區,瑞春街//瑞智街,京城大鎮B區,127,16.3,None
Kaohsiung-city,鼓山區,慶豐街１３９號,羅馬富邑,30,16.3,None
Kaohsiung-city,三民區,明仁路１２號,心園,235,16.3,44
Kaohsiung-city,三民區,明誠二路//明賢街,公園音樂會,352,16.3,35
Kaohsiung-city,左營區,民族一路//榮德街,悅讀風情,161,16.3,36
Kaohsiung-city,三民區,力行路//中和街,愛河戀B區,150,16.2,41
Kaohsiung-city,左營區,文自路//博愛四路,皇苑創世紀,163,16.2,61
Kaohsiung-city,左營區,政德路５９５號,雲荷,39,16.2,None
Kaohsiung-city,左營區,重安路//政德路,麗景天廈II,150,16.2,None
Kaohsiung-city,左營區,榮總路//榮佑路,西雅圖,207,16.2,44
Kaohsiung-city,鳥松區,澄湖路１９２號,澄湖高峰會,27,16.2,114
Kaohsiung-city,前鎮區,翠亨北路３９９巷８號,台場町,99,16.2,None
Kaohsiung-city,左營區,華夏路１４６６號,成家進行曲,122,16.2,25
Kaohsiung-city,苓雅區,仁智街１１７號,京軒,12,16.2,77
Kaohsiung-city,左營區,明誠二路１８０號,聖第二代,122,16.1,72
Kaohsiung-city,苓雅區,中華四路９８號,都會皇家,182,16.1,87
Kaohsiung-city,三民區,九如一路５４０號,上景領袖,79,16.1,215
Kaohsiung-city,左營區,南屏路３１６號,麗陽樓,73,16.1,34
Kaohsiung-city,鼓山區,哨船街７５號,聖田西子灣,106,16.1,93
Kaohsiung-city,三民區,明吉路//明福街//明仁路,羅丹,120,16.1,50
Kaohsiung-city,三民區,民族一路//鼎祥街,全誠新遠見,151,16.1,49
Kaohsiung-city,鳳山區,建國路三段５７號,鳳揚,423,16,33
Kaohsiung-city,左營區,崇德路//政德路,長谷樸園,60,16,None
Kaohsiung-city,左營區,重惠街８６號,站前北京,263,16,27
Kaohsiung-city,三民區,義華路//壽昌路,豋峰造級,65,16,60
Kaohsiung-city,三民區,應安街//褒揚街,陽明誠品,82,16,19
Kaohsiung-city,鼓山區,明華路//昌盛路,綠光大樓,156,16,None
Kaohsiung-city,三民區,順昌街//鼎山街,加樂富,199,16,None
Kaohsiung-city,苓雅區,憲政路１２３巷６弄７２號,憲政首府,92,16,None
Kaohsiung-city,三民區,河北二路//自立一路,梵塞荷(南棟),146,16,None
Kaohsiung-city,左營區,正心街//博愛二路//立文路,時代富豪優生企業大樓,353,16,43
Kaohsiung-city,三民區,灣中街２４７號,歐夏蕾,184,15.9,37
Kaohsiung-city,三民區,褒忠街//大昌二路//義華路,國家盛宴,158,15.9,127
Kaohsiung-city,三民區,鼎中路//大中一路,杏湖,110,15.9,None
Kaohsiung-city,左營區,富國路//大順一路//太華街,北京蘭園,251,15.9,41
Kaohsiung-city,左營區,文康路１３１號,瑞宏瑞豐大第,104,15.9,None
Kaohsiung-city,左營區,政德路５９９號,原森園,46,15.9,None
Kaohsiung-city,左營區,榮總路//榮成三街//榮耀街,北京學園,114,15.9,47
Kaohsiung-city,苓雅區,建國一路１９９號,家和萬世,132,15.9,40
Kaohsiung-city,左營區,光興街６０號,蓋特公園,161,15.9,49
Kaohsiung-city,前鎮區,中山二路１號,中山首府,227,15.9,45
Kaohsiung-city,新興區,七賢一路２３０號,寶成皇家之星,206,15.9,45
Kaohsiung-city,三民區,明賢街//河堤路//明哲路,長谷圓舞曲,122,15.9,60
Kaohsiung-city,左營區,南屏路２９９號,向陽樓,56,15.9,48
Kaohsiung-city,左營區,新莊一路３９３號,巨蛋公園,122,15.9,49
Kaohsiung-city,三民區,裕誠路//河堤路,京城3期,361,15.8,42
Kaohsiung-city,三民區,鼎吉街//明誠一路,京典,130,15.8,None
Kaohsiung-city,左營區,博愛四路//文自路,京城藝術學院,152,15.8,57
Kaohsiung-city,左營區,曾子路４２０號,視界一流,73,15.8,None
Kaohsiung-city,左營區,立莊路３號,香港半島,99,15.8,None
Kaohsiung-city,左營區,崇德路//立大路,東凌新世紀,142,15.8,None
Kaohsiung-city,左營區,至聖路１５號,大樂DC,52,15.8,None
Kaohsiung-city,左營區,華夏路//民族一路,高鐵荷韻,224,15.8,65
Kaohsiung-city,苓雅區,五福一路//廣州一街,中正公園大廈,65,15.8,30
Kaohsiung-city,左營區,安吉街//富民路//立文路,堅山國寶第一代,119,15.8,132
Kaohsiung-city,前鎮區,中華五路//成功二路//正勤路,獅甲,1090,15.8,None
Kaohsiung-city,三民區,同盟三路２４６巷２５號,晶悅河畔(愛河戀A區),92,15.8,None
Kaohsiung-city,左營區,華欣路９６號,高雄隴岡大樓,46,15.8,None
Kaohsiung-city,三民區,明誠二路１０號,舒伯特,128,15.8,52
Kaohsiung-city,三民區,河堤路５１４號,石琳好來屋,280,15.8,52
Kaohsiung-city,三民區,汾陽路５８號,敦王臻品東光國小,64,15.7,35
Kaohsiung-city,三民區,鼎愛街//鼎山街,家賀,150,15.7,None
Kaohsiung-city,新興區,仁愛一街１０２號,帝與后,25,15.7,54
Kaohsiung-city,鳳山區,建國路三段５３７號,棋琴二重奏,123,15.7,None
Kaohsiung-city,左營區,重光路５５號,堅山至尊美景,95,15.7,50
Kaohsiung-city,三民區,鼎祥街//民族一路,最惠國,118,15.7,None
Kaohsiung-city,左營區,大中二路２３６號,快可易,240,15.7,27
Kaohsiung-city,左營區,自由二路３３１號,公園vip,109,15.7,None
Kaohsiung-city,左營區,富國路２８２號,公園小別墅,289,15.7,None
Kaohsiung-city,苓雅區,昇平街１２１號,漢閣,26,15.7,None
Kaohsiung-city,前鎮區,文林街３８號,都會貴族,98,15.7,None
Kaohsiung-city,左營區,光興街５８巷６號,霞關,128,15.7,None
Kaohsiung-city,左營區,裕誠路//立信路,博愛VIP,39,15.7,None
Kaohsiung-city,新興區,復興一路//七賢一路,亨利王,152,15.7,67
Kaohsiung-city,前鎮區,光華二路４０號,光華首席,210,15.7,None
Kaohsiung-city,鼓山區,文忠路４３號,維也納皇苑,43,15.7,None
Kaohsiung-city,三民區,河堤路５０４號,京城1期,437,15.6,83
Kaohsiung-city,三民區,義華路３７５號,卡第亞,299,15.6,29
Kaohsiung-city,三民區,建工路５９２號,棕梠灣,184,15.6,38
Kaohsiung-city,左營區,華夏路//文萊路//重上街,大匠之峰,167,15.6,60
Kaohsiung-city,三民區,寶興路//大豐二路,子曰,72,15.6,36
Kaohsiung-city,左營區,文學路//華夏路//重義路,長谷富綠國,352,15.6,52
Kaohsiung-city,左營區,曾子路//重治路,學院書香園,200,15.6,66
Kaohsiung-city,三民區,鼎華路２１２號,凱悅峇里,194,15.6,30
Kaohsiung-city,鼓山區,鼓山三路１９號,泰嘉水山硯2,54,15.6,None
Kaohsiung-city,鳳山區,文雅街１９６號,希望城市-彩虹區,95,15.6,None
Kaohsiung-city,左營區,城峰路//果峰街,君悅灣浪琴嶼,704,15.6,None
Kaohsiung-city,苓雅區,民權一路２８號,首長寶座,150,15.6,None
Kaohsiung-city,左營區,明誠二路２５１號,龍誠華府,74,15.6,None
Kaohsiung-city,三民區,民族一路//鼎祥街,當代國寶,137,15.6,45
Kaohsiung-city,前金區,河東路８號,京城天下,109,15.5,90
Kaohsiung-city,三民區,褒忠街１５３號,京采,78,15.5,40
Kaohsiung-city,左營區,新莊一路//華夏路,觀山觀海,404,15.5,None
Kaohsiung-city,三民區,明誠一路//大裕路,明誠大道東,323,15.5,None
Kaohsiung-city,左營區,保靖街１１號,綠茵小築,84,15.5,None
Kaohsiung-city,左營區,新莊一路//政德路,校園居易,197,15.5,None
Kaohsiung-city,前鎮區,忠誠路//凱旋四路,極景喜凱雅,56,15.5,None
Kaohsiung-city,三民區,河堤路//裕誠路,京城4期,353,15.5,None
Kaohsiung-city,三民區,鼎瑞街//鼎祥街//民族一路,長谷新樂章,149,15.5,41
Kaohsiung-city,三民區,民族一路//鼎祥街,聖田市,106,15.4,42
Kaohsiung-city,鳳山區,青年路二段１５２號,維瓦第花園,80,15.4,None
Kaohsiung-city,鳳山區,永忠街９號,濤花園,177,15.4,None
Kaohsiung-city,三民區,九如一路６１３號,雲錦堂皇,40,15.4,None
Kaohsiung-city,三民區,民族一路//鼎瑞街//鼎祥街,人之初,115,15.3,55
Kaohsiung-city,左營區,重化街//重上街,千禧屋,81,15.3,41
Kaohsiung-city,三民區,明誠一路３６６號,真愛,148,15.3,None
Kaohsiung-city,左營區,文瑞路//重立路//自由三路,高材生,133,15.3,38
Kaohsiung-city,左營區,文川路７４巷１號,博愛臻邸,52,15.3,None
Kaohsiung-city,左營區,文自路２６６號,橫濱大廈,133,15.3,29
Kaohsiung-city,前鎮區,光華二路//英德街,允堂經典,109,15.3,45
Kaohsiung-city,前鎮區,公正路//崗山南街,歡喜京城,245,15.3,None
Kaohsiung-city,苓雅區,光華一路//廈門街,高屋藍天,104,15.3,51
Kaohsiung-city,左營區,自由二路//明誠二路,聖第一代,107,15.3,241
Kaohsiung-city,左營區,孟子路３７３號,博愛旭誠,131,15.3,41
Kaohsiung-city,三民區,春陽街５０號,京城之戀,224,15.2,34
Kaohsiung-city,三民區,鼎金後路４９８號,鄉詩湖畔,77,15.2,None
Kaohsiung-city,三民區,鼎貴路//鼎中路,太普空間,83,15.2,None
Kaohsiung-city,鼓山區,文忠路//明倫路,博愛藝術家,88,15.2,None
Kaohsiung-city,左營區,德威街//安吉街,懷石居,39,15.2,None
Kaohsiung-city,三民區,義華路//義和路,湖茵夢,105,15.2,None
Kaohsiung-city,鼓山區,華豐街//瑞豐街,瑞豐甲第,68,15.2,None
Kaohsiung-city,三民區,陽明路５７號,米蘭2001,49,15.2,None
Kaohsiung-city,前金區,河南二路１５５號,皇家之戀,418,15.2,17
Kaohsiung-city,左營區,介壽路//先勝路,京城微風京品,560,15.2,34
Kaohsiung-city,左營區,重化街９０號,歐洲香榭,51,15.2,48
Kaohsiung-city,左營區,華夏路８９３號,至善至美,77,15.2,None
Kaohsiung-city,鳳山區,八德路二段１３０號,太子茵夢湖,78,15.1,63
Kaohsiung-city,三民區,大豐一路２８９號,風采,92,15.1,None
Kaohsiung-city,左營區,政德路//重治路,牛津,50,15.1,None
Kaohsiung-city,前鎮區,瑞發街//瑞和街,上閤築,153,15.1,35
Kaohsiung-city,左營區,重愛路//文學路,汾盛京都,35,15.1,None
Kaohsiung-city,左營區,裕誠路１８８號,頂好天下大廈,184,15.1,41
Kaohsiung-city,左營區,忠言路//太華街,歡庭100,95,15.1,None
Kaohsiung-city,前鎮區,成功二路８號,純邦,136,15.1,None
Kaohsiung-city,鳳山區,新康街//凱旋路,衛武首席,283,15.1,None
Kaohsiung-city,三民區,自由一路５７號,泛美公園名廈,33,15.1,None
Kaohsiung-city,三民區,朝陽街//瀋陽街,佑親名邸,24,15.1,None
Kaohsiung-city,左營區,自由二路６巷５３號,翰棠花香,65,15.1,None
Kaohsiung-city,三民區,黃興路５２號,廈之彩,94,15.1,54
Kaohsiung-city,三民區,水源路８號,龍騰大亨,116,15.1,None
Kaohsiung-city,三民區,興隆街//建元路,尊峰,312,15,45
Kaohsiung-city,三民區,鼎義街//明誠一路//鼎吉街,京品集,188,15,None
Kaohsiung-city,左營區,安吉街１６３號,翰林雅苑,72,15,None
Kaohsiung-city,左營區,文川路//重信路,高鐵桂花田,151,15,38
Kaohsiung-city,左營區,博愛四路//文自路,博愛大道,256,15,60
Kaohsiung-city,左營區,榮德街//民族一路,恆上凱悅,156,15,54
Kaohsiung-city,左營區,德威街１３號,儷苑,46,15,None
Kaohsiung-city,左營區,至聖路２號,攬月樓(夏威夷NO2),42,15,None
Kaohsiung-city,鼓山區,大順一路１０１３號,蘭園劃世紀,696,15,37
Kaohsiung-city,鳳山區,新康街//新樂街,長谷米勒,85,15,None
Kaohsiung-city,鼓山區,裕誠路１１４３號,百星綠第,104,15,None
Kaohsiung-city,前鎮區,民權二路//鄭和路//沱江街,皇家貴賓,900,15,None
Kaohsiung-city,三民區,民族一路//河堤路//鼎瑞街,弘揚大第,409,15,45
Kaohsiung-city,三民區,鼎富路５１號,石上清泉,104,14.9,None
Kaohsiung-city,三民區,鼎中路７６２巷２３號,城市之翼,98,14.9,None
Kaohsiung-city,鳳山區,文衡路３８２號,鳳凰天下,117,14.9,None
Kaohsiung-city,左營區,華夏路//曾子路,九尊華廈,52,14.9,None
Kaohsiung-city,左營區,明華一路//安吉街,藝墅大廈,48,14.9,None
Kaohsiung-city,前金區,民生二路//新盛二街,亞洲總匯大廈,109,14.9,None
Kaohsiung-city,三民區,裕誠路//鼎瑞街,京城2期,384,14.9,None
Kaohsiung-city,苓雅區,永泰路//四維四路,海景180,79,14.9,55
Kaohsiung-city,鼓山區,美術南一街２號,京城鼎極,50,14.9,74
Kaohsiung-city,左營區,重化街//文強路,捷寶大廈,95,14.9,39
Kaohsiung-city,鳳山區,建國路三段２４６號,早安國城,108,14.8,50
Kaohsiung-city,三民區,褒揚街２８７號,恆上桂冠,110,14.8,39
Kaohsiung-city,三民區,明哲路//明賢街,維也納DC,276,14.8,None
Kaohsiung-city,左營區,富國路//明華一路,聖羅蘭公園綠第,110,14.8,43
Kaohsiung-city,鼓山區,裕誠路１５０３號,吉利國,151,14.8,36
Kaohsiung-city,三民區,哈爾濱街//十全二路,十全首富,41,14.8,None
Kaohsiung-city,鼓山區,文忠路//華榮路,百星爵士,79,14.8,None
Kaohsiung-city,新興區,復興二路//五福二路,京城代表座-京城雅典,267,14.8,30
Kaohsiung-city,鼓山區,南屏路//明華路,康之庭大廈,177,14.8,None
Kaohsiung-city,左營區,文學路６６２號,非常滿邑,93,14.7,42
Kaohsiung-city,左營區,重平路//文川路,天鵝堡,113,14.7,41
Kaohsiung-city,苓雅區,林南街//光華一路,國家花園名廈,49,14.7,50
Kaohsiung-city,鳳山區,三誠路１０６號,五甲新象,94,14.7,None
Kaohsiung-city,左營區,自勉路１０６號,鉑金海岸,195,14.7,None
Kaohsiung-city,前鎮區,崗山南街２７３號,龍揚巴黎,190,14.7,None
Kaohsiung-city,左營區,文強路//孟子路//文自路,龍華天豪,79,14.7,41
Kaohsiung-city,三民區,鼎新路６６號,花都,195,14.6,None
Kaohsiung-city,左營區,重偉街//文德路,幼獅羅馬,52,14.6,41
Kaohsiung-city,三民區,大順二路２７０號,居禮,72,14.6,55
Kaohsiung-city,左營區,辛亥路//新下街,百家,123,14.6,None
Kaohsiung-city,左營區,文強路//曾子路,侏儸紀庭園,137,14.6,33
Kaohsiung-city,新興區,復興一路１０號,生活大師,66,14.6,None
Kaohsiung-city,三民區,覺民路１０１號,世紀明園,70,14.6,None
Kaohsiung-city,鼓山區,明華路//昌盛路,吉祥如意,173,14.6,None
Kaohsiung-city,左營區,民族一路//文慈路,愛丁堡,98,14.6,32
Kaohsiung-city,前鎮區,長江街//民權二路,高屋國家藝術廣場,189,14.6,45
Kaohsiung-city,鼓山區,慶豐街５０號,瑞豐世家,45,14.6,None
Kaohsiung-city,三民區,明誠一路//大裕路,紫京城,273,14.5,None
Kaohsiung-city,左營區,重建路//華夏路,早安你好,82,14.5,60
Kaohsiung-city,左營區,文川路３９１號,鮮綠屋,47,14.5,33
Kaohsiung-city,三民區,明誠一路５８３號,認真,71,14.5,None
Kaohsiung-city,左營區,文學路１８１號,長鼎公園領袖,222,14.5,53
Kaohsiung-city,左營區,榮總路//榮耀街,鼎宇花園,184,14.5,50
Kaohsiung-city,左營區,榮德街//榮總路,校園聯盟,139,14.5,37
Kaohsiung-city,左營區,文天路//華夏路//重愛路,高鐵麗晶,188,14.5,26
Kaohsiung-city,左營區,至聖路２３３號,新內閣,49,14.5,81
Kaohsiung-city,左營區,自由二路//明誠二路,龍鳳天下,61,14.5,None
Kaohsiung-city,三民區,建元路//德山街//興隆街,遠東新公園,332,14.5,37
Kaohsiung-city,前鎮區,公正路２６８號,維多麗雅(華廈區),43,14.5,None
Kaohsiung-city,前鎮區,民權二路//沱江街//管仲路//民壽街,民權DC,535,14.5,None
Kaohsiung-city,前鎮區,隆興街１６號,太子殿廈,72,14.5,None
Kaohsiung-city,左營區,文自路//重和路,軒尼詩,94,14.4,44
Kaohsiung-city,左營區,重仁路５６號,翠屏天下,46,14.4,39
Kaohsiung-city,左營區,民族一路１１０１巷６號,公園臻邸,20,14.4,37
Kaohsiung-city,左營區,文育路//重立路//菜公一路,現代親家,215,14.4,36
Kaohsiung-city,左營區,文恩路１９號,高鐵模範生,179,14.4,42
Kaohsiung-city,鳳山區,瑞隆東路３８巷４７號,長谷竇加,52,14.4,None
Kaohsiung-city,鼓山區,南屏路５３６號,京采,43,14.4,None
Kaohsiung-city,鼓山區,華榮路//昌盛路//文信路,百星新都,131,14.4,None
Kaohsiung-city,三民區,建元路//興隆街//建工路,東泰花園廣場-第三期,218,14.4,83
Kaohsiung-city,苓雅區,永富街７１號,百立首府宮庭,51,14.4,95
Kaohsiung-city,前鎮區,民權二路//民壽街//民豐街,民權皇家,175,14.3,None
Kaohsiung-city,鳳山區,瑞春街//三誠路,京城大鎮A區,138,14.3,None
Kaohsiung-city,三民區,民本街１１號,珍珠鄉廈,65,14.3,None
Kaohsiung-city,三民區,民族一路５２１號,和盛希爾頓,132,14.3,52
Kaohsiung-city,新興區,球庭路４６號,威京皇族,25,14.2,None
Kaohsiung-city,鳳山區,青年路二段３３６號,崑庭棋琴,83,14.2,49
Kaohsiung-city,三民區,大昌二路３０１號,星光,122,14.2,50
Kaohsiung-city,左營區,文學路//華夏路,喜悅,205,14.2,40
Kaohsiung-city,三民區,鼎中路７５３之２７號,書香院,120,14.2,None
Kaohsiung-city,左營區,華夏路//自由四路,羅森堡,76,14.2,31
Kaohsiung-city,左營區,華夏路//文萊路,康乃爾,109,14.2,None
Kaohsiung-city,鳳山區,文中街//文龍東路,優森學,250,14.2,34
Kaohsiung-city,左營區,孟子路//立大路,博愛豪景,104,14.2,None
Kaohsiung-city,左營區,文川路//重愛路,允堂高鐵獅子王,131,14.2,32
Kaohsiung-city,前鎮區,凱旋四路２７０號,高巢家庭-巴黎區,210,14.2,None
Kaohsiung-city,鳳山區,文衡路２５９號,富貴祥發,286,14.2,None
Kaohsiung-city,左營區,文川路//文平街//重和路,蘋果森林,198,14.2,32
Kaohsiung-city,左營區,重愛路//文慈路,茵茲堡A,101,14.2,28
Kaohsiung-city,三民區,大豐二路３５３號,坤榮世家,135,14.2,36
Kaohsiung-city,左營區,明誠二路４３３號,堅山國寶第二代,95,14.2,106
Kaohsiung-city,三民區,義明街//義華路//陽明路,文學院,203,14.2,None
Kaohsiung-city,苓雅區,四維二路１２號,胡適名廈,66,14.2,45
Kaohsiung-city,三民區,義明街//義華路,我愛皇家,230,14.1,50
Kaohsiung-city,左營區,大中二路５５６號,長谷富麗國,250,14.1,22
Kaohsiung-city,左營區,重仁路//文府路//高鐵路,快樂弘揚,232,14.1,34
Kaohsiung-city,鳳山區,文中街//青年路二段,青年市,223,14.1,43
Kaohsiung-city,左營區,重清路４９號,泰第新風格,30,14.1,38
Kaohsiung-city,左營區,明誠二路//辛亥路,諾曼第大廈,97,14.1,60
Kaohsiung-city,左營區,榮德街//民族一路,山藝術,129,14.1,29
Kaohsiung-city,左營區,文天路//文川路,高鐵小王子,206,14.1,32
Kaohsiung-city,左營區,天祥二路//新庄仔路,藝術第一家,124,14.1,None
Kaohsiung-city,鳳山區,文學街//文建街,新生活家,74,14.1,None
Kaohsiung-city,左營區,正心街//裕誠路,天廈第一,49,14.1,None
Kaohsiung-city,左營區,重上街//立大路,高邑三期-伯爵區,101,14.1,None
Kaohsiung-city,鼓山區,文信路//文忠路,海誓山盟,84,14.1,None
Kaohsiung-city,三民區,民族一路７０２號,凱悅大帝,246,14.1,None
Kaohsiung-city,左營區,榮德街//民族一路//榮佑路,森學主義B,92,14.1,46
Kaohsiung-city,三民區,民族一路３１２巷３０號,新富特區,106,14.1,None
Kaohsiung-city,鼓山區,華榮路４３６號,華榮富貴,73,14.1,None
Kaohsiung-city,苓雅區,仁愛三街//復興二路,中國第一景,229,14.1,49
Kaohsiung-city,前鎮區,和平二路５８之１號,校園芳鄰(和平二路),75,14.1,None
Kaohsiung-city,前鎮區,民權二路//一心一路//長江街,輝皇時代,523,14.1,117
Kaohsiung-city,左營區,崇德路//文奇路,隄郡,188,14.1,37
Kaohsiung-city,三民區,正興路２７號,歐園,194,14,35
Kaohsiung-city,左營區,光興街２１５號,萬歲王宮,48,14,None
Kaohsiung-city,前鎮區,育樂路２０號,玉璽天下,339,14,None
Kaohsiung-city,三民區,九如一路//淵源街,光武學苑,86,14,None
Kaohsiung-city,前鎮區,民權二路３３３號,翡翠帝國,71,14,None
Kaohsiung-city,鳳山區,新康街//海洋一路,長谷莫內,96,14,52
Kaohsiung-city,三民區,民豐路//覺民路,弘揚京華,113,14,None
Kaohsiung-city,鼓山區,明華路//裕誠路,天長地久,95,14,None
Kaohsiung-city,前鎮區,崗山西街//崗山中街//隆昌街,柏克萊,59,14,None
Kaohsiung-city,左營區,重立路//自由三路,自由學苑,83,13.9,32
Kaohsiung-city,左營區,文學路//重愛路,桂冠公園,43,13.9,None
Kaohsiung-city,鼓山區,裕誠路//文忠路//民利街,康庭與我,260,13.9,None
Kaohsiung-city,鼓山區,明倫路５０２巷３號,音樂花園,30,13.9,56
Kaohsiung-city,三民區,清朗街//黃興路,朝聖,94,13.9,48
Kaohsiung-city,左營區,重政路//政德路,博源大街一期,69,13.9,None
Kaohsiung-city,三民區,建武路//正忠路,馬德里,139,13.9,None
Kaohsiung-city,三民區,民孝路//覺民路,孩子王,222,13.9,None
Kaohsiung-city,鳳山區,中山西路//光復路二段,都會營,584,13.9,None
Kaohsiung-city,左營區,民族一路９０３號,宇宙國,248,13.9,None
Kaohsiung-city,左營區,榮成三街//榮成一街//榮富街,高雄第一A,117,13.9,46
Kaohsiung-city,左營區,重愛路//民族一路,高邑一期,140,13.9,180
Kaohsiung-city,三民區,大昌二路//覺民路,尖美市,247,13.9,39
Kaohsiung-city,前鎮區,瑞恩街//瑞興街,公園一族,105,13.9,42
Kaohsiung-city,左營區,大中二路//文自路,森活計畫,349,13.9,47
Kaohsiung-city,前鎮區,翠亨北路３９９巷５號,前鎮亞太花園,64,13.8,None
Kaohsiung-city,左營區,自由三路//孟子路,普天同慶,106,13.8,41
Kaohsiung-city,左營區,榮耀街//民族一路,鼎宇陽光,252,13.8,114
Kaohsiung-city,左營區,重治路６７號,劍橋,37,13.8,None
Kaohsiung-city,左營區,榮總路//榮德街,時代爵邸公爵區,315,13.8,44
Kaohsiung-city,新興區,七賢一路２１６號,和盛凱薩,72,13.8,None
Kaohsiung-city,左營區,新莊一路１３７號,大亨世家,64,13.8,None
Kaohsiung-city,三民區,興昌街//興隆街//正興路,東泰花園廣場-第二期,213,13.8,None
Kaohsiung-city,前鎮區,沱江街１１２號,長谷快樂頌,147,13.8,49
Kaohsiung-city,左營區,文萊路//崇德路//重上街,亞洲巨星,122,13.7,None
Kaohsiung-city,左營區,重建路//華夏路,超級之旅銀座,46,13.7,38
Kaohsiung-city,新興區,復興一路６３號,翡翠國城,130,13.7,18
Kaohsiung-city,三民區,民族一路//鼎和街,弘揚牽手,513,13.7,None
Kaohsiung-city,三民區,民族一路//慶雲街,夢皇家,589,13.7,29
Kaohsiung-city,左營區,文慈路１４２巷１７號,優美城市天鵝堡,70,13.7,None
Kaohsiung-city,三民區,和順街８７號,太子世界,140,13.7,None
Kaohsiung-city,三民區,澄平街//黃興路,陽明清境,126,13.7,37
Kaohsiung-city,苓雅區,福建街//廈門街//金門街,文化皇家,329,13.7,None
Kaohsiung-city,鳳山區,大明路//新強路,衛武國家,222,13.7,45
Kaohsiung-city,前鎮區,瑞泰街１４０巷７號,太子臻品,96,13.7,39
Kaohsiung-city,苓雅區,自強三路//興中二路,興中二路,126,13.6,None
Kaohsiung-city,三民區,春陽街５３號,聖田綠卡,92,13.6,36
Kaohsiung-city,三民區,正忠路//春陽街,家御觀,129,13.6,54
Kaohsiung-city,左營區,明華一路//自由二路,三龍帝國,110,13.6,36
Kaohsiung-city,左營區,自由二路//忠貞街,艾菲爾花園廣場,62,13.6,None
Kaohsiung-city,左營區,民族一路//榮成二街,恆上皇冠,167,13.6,52
Kaohsiung-city,左營區,榮成三街//榮成一街//榮成二街,高雄第一B,124,13.6,40
Kaohsiung-city,三民區,中華二路１０２巷６號,後驛好林居,38,13.6,None
Kaohsiung-city,鼓山區,華豐街//慶豐街,開喜自在,80,13.6,None
Kaohsiung-city,三民區,皓東路//正忠路,萬世亨通,100,13.6,62
Kaohsiung-city,三民區,寶興路５４號,國揚大學,358,13.6,66
Kaohsiung-city,苓雅區,英祥街//英明路,望子成龍,143,13.6,45
Kaohsiung-city,三民區,堅如路８０號,陽明康橋,48,13.6,None
Kaohsiung-city,三民區,鼎和街//鼎泰街//民族一路,美麗人生,189,13.5,None
Kaohsiung-city,左營區,政德路//重光路,哈佛學院,70,13.5,None
Kaohsiung-city,三民區,鼎信街２２號,麗晶,118,13.5,None
Kaohsiung-city,鳳山區,新強路//新富路,大學園,283,13.5,41
Kaohsiung-city,左營區,大中一路//榮總路,馨樓,163,13.5,None
Kaohsiung-city,前鎮區,崗山南街//福祥街,瑞祥龍邸,69,13.5,None
Kaohsiung-city,三民區,九如一路５５１號,上景TOPGREEN,170,13.5,None
Kaohsiung-city,三民區,九如一路//臥龍路,愛琴海,85,13.4,237
Kaohsiung-city,三民區,大裕路//昌富街//大豐一路,龍騰天下NO.1,338,13.4,None
Kaohsiung-city,三民區,鼎貴路//鼎中路,雙學苑,48,13.4,None
Kaohsiung-city,左營區,民族一路//重愛路,龍鄉十八代學園區,97,13.4,32
Kaohsiung-city,鳳山區,文化西路７０巷２號,NEWCITY,99,13.4,None
Kaohsiung-city,鳳山區,南京路//南福街//新富路,藝術奇蹟,204,13.4,35
Kaohsiung-city,鳳山區,青年路二段//華山街,新米蘭,153,13.4,None
Kaohsiung-city,三民區,十全二路２號,十全錄,28,13.4,None
Kaohsiung-city,鼓山區,華榮路３８７號,華榮大廈,93,13.4,None
Kaohsiung-city,前鎮區,瑞隆路４７２號,萬代福,126,13.4,None
Kaohsiung-city,前金區,中正四路１１８號,和盛麗晶,152,13.3,8
Kaohsiung-city,左營區,文學路//華夏路//重愛路,非常居易,217,13.3,69
Kaohsiung-city,鼓山區,大順一路//龍德路,生活皇家,250,13.3,None
Kaohsiung-city,鳳山區,文衡路４０６號,我心深處,218,13.3,None
Kaohsiung-city,左營區,立文路４６號,弘揚名門,66,13.3,None
Kaohsiung-city,三民區,建武路//正忠路,靜岡,217,13.3,25
Kaohsiung-city,三民區,陽明路//義華路,維納斯,136,13.3,None
Kaohsiung-city,鳳山區,新康街//海洋一路//新樂街,長谷雷諾瓦,176,13.3,36
Kaohsiung-city,鼓山區,華泰路２９９號,聖羅蘭藝術公爵,60,13.3,None
Kaohsiung-city,前鎮區,翠亨北路３９９巷２２號,前鎮大雅洲,44,13.2,None
Kaohsiung-city,三民區,黃興路//應安街,夏樹靜子,46,13.2,51
Kaohsiung-city,三民區,大福街１７７號,鳳凰天廈,147,13.2,None
Kaohsiung-city,前鎮區,武慶一路//崗山南街,公園圖書館,111,13.2,None
Kaohsiung-city,三民區,大昌二路３７８號,花賞,117,13.2,43
Kaohsiung-city,前鎮區,長江街//民權二路//天山路,純真年代,55,13.2,None
Kaohsiung-city,苓雅區,英義街//英祥街,第一志願,25,13.2,None
Kaohsiung-city,鳳山區,青年路二段１７３號,鳳翔天廈,109,13.1,34
Kaohsiung-city,左營區,明誠二路３３６號,國寶天下三代,66,13.1,122
Kaohsiung-city,前鎮區,中華五路//正勤路,正勤,1806,13.1,None
Kaohsiung-city,鳳山區,新強路２０號,長谷秀拉,95,13.1,51
Kaohsiung-city,左營區,光興街//明華一路,萬歲王宮,82,13.1,65
Kaohsiung-city,前鎮區,汕頭街７７號,光華雙星,105,13,None
Kaohsiung-city,左營區,榮總路//榮成一街//榮成三街,優賞北京,160,13,48
Kaohsiung-city,鳳山區,青年路二段１６６號,上頂觀天廈,80,13,None
Kaohsiung-city,左營區,民族一路//重愛路,生活大亨,136,13,48
Kaohsiung-city,三民區,建武路７８號,永信生活館,140,13,42
Kaohsiung-city,左營區,民族一路１１５６號,天邑,174,13,32
Kaohsiung-city,左營區,南屏路２６８巷３４號,太子寶座,53,13,None
Kaohsiung-city,鼓山區,中華一路２４７巷１５弄１５號,經國文化美景,75,13,None
Kaohsiung-city,三民區,陽明路//九如一路,陽明苑,81,13,None
Kaohsiung-city,左營區,重立路//大中二路,幸福座,91,13,None
Kaohsiung-city,三民區,大豐一路１６３號,龍騰天下NO.2,86,12.9,None
Kaohsiung-city,左營區,大中二路//華夏路//重文街,桂冠春天,172,12.9,None
Kaohsiung-city,左營區,菜公一路１２１號,堤香郡,14,12.9,29
Kaohsiung-city,三民區,同盟三路２７０號,長谷威尼斯,296,12.9,None
Kaohsiung-city,三民區,鼎力路//鼎昌街,緯城貴賓,153,12.9,None
Kaohsiung-city,三民區,金鼎路６６號,凱悅大亨,120,12.9,None
Kaohsiung-city,前鎮區,瑞祥街//瑞孝街,誠品生活-品學區,51,12.9,None
Kaohsiung-city,三民區,大順二路７２５號,美滿人生,112,12.9,77
Kaohsiung-city,左營區,光興街１７７巷４６號,琥珀京都,168,12.9,None
Kaohsiung-city,三民區,大昌一路１７０號,上頂學苑,88,12.9,None
Kaohsiung-city,鳳山區,八德路二段１４６號,尖美小城,499,12.9,36
Kaohsiung-city,左營區,博愛三路６號,勝利王朝,150,12.8,129
Kaohsiung-city,左營區,重景街１６號,好思家二期,55,12.8,None
Kaohsiung-city,鳳山區,文建街//建國路三段,陸發雄獅II,98,12.8,None
Kaohsiung-city,鹽埕區,北端街//建國四路//北斗街,山盟海誓,237,12.8,None
Kaohsiung-city,三民區,中華二路６２號,雙星國際,54,12.8,None
Kaohsiung-city,鳳山區,福祥街８３號,富棣御園,44,12.8,None
Kaohsiung-city,三民區,黃興路//澄平街,園中園,241,12.8,29
Kaohsiung-city,新興區,復橫一路２０１號,翠玉園,59,12.7,12
Kaohsiung-city,三民區,鼎祥街//鼎瑞街,河濱綠園,64,12.7,41
Kaohsiung-city,鳳山區,青年路二段//文衡路,青年白宮,141,12.7,None
Kaohsiung-city,鳳山區,中山西路//光復路二段,松之廈,129,12.7,None
Kaohsiung-city,左營區,榮總路１８３巷１７號,榮花園,56,12.7,36
Kaohsiung-city,左營區,文自路６０１號,新故鄉華廈,48,12.7,None
Kaohsiung-city,三民區,興昌街５３號,王象新倫敦,145,12.7,61
Kaohsiung-city,三民區,寶安街//覺民路,華年達,77,12.7,43
Kaohsiung-city,三民區,清華街//澄平街//澄和路,澄和明園,165,12.7,None
Kaohsiung-city,三民區,正忠路//大豐二路,皇普薄海歡騰,205,12.6,96
Kaohsiung-city,左營區,重愛路//文慈路,高雄大國民,402,12.6,58
Kaohsiung-city,三民區,鼎安路//鼎貴路,早安康庭,99,12.6,None
Kaohsiung-city,前金區,自強二路１７２號,奧斯卡大廈,33,12.6,None
Kaohsiung-city,三民區,壽昌路//褒忠街,皇普尊爵,43,12.6,None
Kaohsiung-city,前鎮區,長江街//一心一路//天山路//嘉陵街,光華國宅,594,12.6,35
Kaohsiung-city,三民區,九如一路７３號,上景春秋,81,12.6,None
Kaohsiung-city,左營區,文川路//大中二路,九品尊座,127,12.5,None
Kaohsiung-city,左營區,大中二路３１３號,白金漢宮,254,12.5,49
Kaohsiung-city,鳳山區,文清街//文澄街,尖美小城三期,117,12.5,None
Kaohsiung-city,苓雅區,新光路//自強三路,諾貝爾,1468,12.5,None
Kaohsiung-city,左營區,光興街２１９巷４９號,城市翡翠,68,12.5,None
Kaohsiung-city,鳥松區,圓山北路７號,鳳凰圓山,23,12.5,40
Kaohsiung-city,鳳山區,文建街//建國路三段//文武街,陸發雄獅I,200,12.4,40
Kaohsiung-city,鳳山區,建國路三段３７９號,理想家,202,12.4,None
Kaohsiung-city,鳳山區,文南街４３號,新澄屋,151,12.4,37
Kaohsiung-city,鳳山區,八德路//文仁街,大湖國家,282,12.4,None
Kaohsiung-city,鳳山區,八德路二段//文澄街,濱湖大地玫瑰,35,12.4,None
Kaohsiung-city,三民區,大裕路//大豐一路,陽光夏威夷,78,12.4,None
Kaohsiung-city,三民區,大中一路１３９號,龍鄉十二代,214,12.4,None
Kaohsiung-city,三民區,覺民路//建武路,奪標,194,12.4,42
Kaohsiung-city,三民區,皓東路//大豐二路,長谷荷風,149,12.3,57
Kaohsiung-city,左營區,文科街//重惠街,海德堡,105,12.3,32
Kaohsiung-city,三民區,澄明街//黃興路,圓山新廈,91,12.3,37
Kaohsiung-city,鳳山區,建國路三段//青年路二段,歐洲皇家,293,12.3,None
Kaohsiung-city,鳳山區,八德路１８３號,文山天母,165,12.3,None
Kaohsiung-city,三民區,鼎富路４６號,獅湖美景,87,12.3,None
Kaohsiung-city,前鎮區,二聖二路//大禹街//林森三路,美的皇家,519,12.3,49
Kaohsiung-city,左營區,民族一路９４７號,夏儂堡,212,12.2,58
Kaohsiung-city,三民區,褒揚街２０２號,高雄首都,170,12.2,28
Kaohsiung-city,鳳山區,國富路//新富路,五甲社區F型國宅,383,12.2,37
Kaohsiung-city,新興區,民生一路//德順街,民生皇家,234,12.2,40
Kaohsiung-city,三民區,義昌路３８號,風雲世家,75,12.2,None
Kaohsiung-city,鳳山區,文雅街//青年路二段,夢享家,150,12.1,None
Kaohsiung-city,三民區,唐山街//興安街,仁群大樓,72,12.1,None
Kaohsiung-city,三民區,鼎正街//鼎中路,東方米蘭,107,12.1,None
Kaohsiung-city,三民區,臥龍路//九如一路,尖美DC,329,12.1,64
Kaohsiung-city,三民區,十全二路１３５號,后邑,28,12,None
Kaohsiung-city,鳳山區,國富路//新富路,五甲社區D型國宅,511,12,49
Kaohsiung-city,三民區,大享路５０號,雙橡園,47,12,None
Kaohsiung-city,三民區,大福街２６３號,紫金城,65,12,None
Kaohsiung-city,左營區,大中二路４７６號,太子尊邸,88,11.9,None
Kaohsiung-city,三民區,陽明路//黃興路,陽明春曉,96,11.9,None
Kaohsiung-city,左營區,榮總路//民族一路,山宅一生,145,11.9,None
Kaohsiung-city,三民區,春陽街//義德路,東方紅,199,11.9,48
Kaohsiung-city,左營區,德威街//富民路,博愛蘭園,58,11.8,None
Kaohsiung-city,三民區,鼎勇街３５號,忠勇新城,160,11.8,None
Kaohsiung-city,三民區,覺民路//民信路//民禮路,九如星鑽,120,11.8,None
Kaohsiung-city,三民區,民祥街//澄清路//覺民路,龍飛鳳舞,128,11.7,None
Kaohsiung-city,前鎮區,福祥街//崗山中街,鄰語堂,136,11.7,None
Kaohsiung-city,三民區,大福街２１１號,新之住,106,11.6,None
Kaohsiung-city,鼓山區,文忠路２５號,蘇富比,26,11.6,None
Kaohsiung-city,三民區,鼎強街５１２號,麗景大第,92,11.6,None
Kaohsiung-city,三民區,陽明路//澄和路,圓山廈,97,11.6,35
Kaohsiung-city,左營區,文理街//文科街,華夏獎章,86,11.5,43
Kaohsiung-city,三民區,春陽街//大豐二路,帝國明珠,158,11.5,None
Kaohsiung-city,三民區,有光路//臥龍路//九如一路,寧靜海,94,11.4,65
Kaohsiung-city,三民區,正興路//建德路//建興路,國家大亨,499,11.4,None
Kaohsiung-city,前鎮區,崗山北街//瑞北路,東方黎明,222,11.4,None
Kaohsiung-city,鳳山區,中崙二路５７５巷２號,中崙國宅第三,1481,11.3,None
Kaohsiung-city,新興區,忠孝一路２３３號,閣廈,43,11.1,59
Kaohsiung-city,左營區,光興街//至聖路//自由二路,博愛薌廈,77,11,None
Kaohsiung-city,鳳山區,文衡路１２５巷１號,長谷綠意新都,129,10.8,None
Kaohsiung-city,左營區,大中二路７３２號,泮水荷香,81,10.8,None
Kaohsiung-city,苓雅區,新光路１２６號,聯宏成功大樓,196,10.7,None
Kaohsiung-city,鼓山區,華寧路１６３號,萬歲華林園,42,10.7,None
Kaohsiung-city,鳳山區,建國路二段６１號,建國新城,715,10.5,None
Kaohsiung-city,鳳山區,青年路二段//八德路二段//文澄街,百合薔薇大廈,93,10.4,None
Kaohsiung-city,三民區,九如二路７號,凱薩藝術廣場,78,10,50
Kaohsiung-city,三民區,明仁路//明賢街//明福街,高更,117,10,45
Kaohsiung-city,左營區,明華一路//辛亥路//光興街,伊莉莎白花園廣場,69,9.6,None
Kaohsiung-city,None,民生二路１２９號,聖田民生,67,None,59
Kaohsiung-city,None,民權街８號,第一官邸,27,None,32
Kaohsiung-city,None,明誠二路//博愛二路,博愛之心,39,None,63
Kaohsiung-city,前金區,市中一路//鼎盛街,太子敦園,25,None,None
Kaohsiung-city,None,福音街２８號,人生遠景,23,None,None
Kaohsiung-city,None,永恆街１２號,永恆鳳凰,35,None,23
Kaohsiung-city,None,國民街１１號,秋實庭,22,None,None
Kaohsiung-city,None,興華路//忠孝一路,萬興大樓,43,None,50
Kaohsiung-city,None,永泰路１０號,尚海,29,None,92
Kaohsiung-city,None,民生二路５１號,中研苑,27,None,None
Kaohsiung-city,前鎮區,林森四路//文林街,水鑽,24,None,None
Kaohsiung-city,None,一心二路３２巷７號,大隱橘園2,16,None,None
Kaohsiung-city,None,博愛二路４２６號,藝術殿堂,49,None,55
Kaohsiung-city,None,仁義街２９３號,仁義御品,13,None,None
Kaohsiung-city,None,翠亨北路３９９巷２８號,前鎮貴花園,25,None,None
Kaohsiung-city,None,文川路４６５號,芳岡捷市館,44,None,18
Kaohsiung-city,None,重信路４４８號,京城海德堡,66,None,37
Kaohsiung-city,None,文湖街６１號,松濤翠堤,42,None,83
Kaohsiung-city,None,立明街//重立路,孟子新廈,32,None,47
Kaohsiung-city,None,美賢街５２號,遠見美賢,32,None,79
Kaohsiung-city,None,文忠路２４號,百星公爵,55,None,None
Kaohsiung-city,None,至聖路３８號,至聖華廈,23,None,54
Kaohsiung-city,None,明誠二路４１９號,物華天寶,46,None,None
Kaohsiung-city,None,富國路１４６號,美夢成真NO.1,31,None,64
Kaohsiung-city,None,安吉街３７６號,庭園大亨,17,None,None
Kaohsiung-city,None,大順一路６２０號,堅山森朵,68,None,None
Kaohsiung-city,左營區,新下街７巷１０號,梵提雅,15,None,None
Kaohsiung-city,None,至聖路３號,摘星樓(夏威夷NO3),34,None,None
Kaohsiung-city,None,至聖路１６１號,龍庭麗景,71,None,53
Kaohsiung-city,左營區,自由二路７３號,龍華名門,18,None,None
Kaohsiung-city,None,維新街１６號,懷石庭二期,35,None,None
Kaohsiung-city,None,民生一路１７６號,民生富邑,30,None,62
Kaohsiung-city,苓雅區,福建街//金門街//惠安街,鳳凰怡園,32,None,49
Kaohsiung-city,None,達仁街８９號,中正豪門(達仁街),22,None,None
Kaohsiung-city,None,文化西路//文武街//文學街,九如居逸,71,None,None
Kaohsiung-city,None,光復路一段１００號,尊皇麗景,98,None,None
Kaohsiung-city,None,天民路１３巷１８號,頤園大廈,38,None,49
Kaohsiung-city,None,明仁路３２之７號,公園爵士樂,18,None,None
Kaohsiung-city,左營區,博愛二路//至聖路,龍揚庭,199,None,83
Kaohsiung-city,None,政德路//曾子路,龍華金品,42,None,None
Kaohsiung-city,None,政德路//重安路,麗景天廈Ⅰ,50,None,None
Kaohsiung-city,None,鹽埕街１０號,鹽埕國寶,26,None,None
Kaohsiung-city,None,鹽埕街５號,鹽埕學苑,22,None,None
Kaohsiung-city,None,福建街３０８號,極品,14,None,None
Kaohsiung-city,None,新富路３５６號,常春藤,81,None,92
Kaohsiung-city,None,新國街//新強路//海洋一路,長谷達文西,97,None,26
Kaohsiung-city,None,更新街//中華二路,聖田生活館,34,None,None
Kaohsiung-city,None,綏遠一街//大連街,佶霖華廈,46,None,None
Kaohsiung-city,None,瀋陽街//朝陽街,巴黎皇苑,24,None,None
Kaohsiung-city,None,同盟一路３８７號,花花綠綠,38,None,51
Kaohsiung-city,None,同盟二路６１號,三民華廈,73,None,None
Kaohsiung-city,None,十全二路３３７號,十全瀚林,58,None,None
Kaohsiung-city,None,重慶街３７０號,博愛杏堤,19,None,None
Kaohsiung-city,None,吉林街３１７號,吉林大廈,33,None,None
Kaohsiung-city,None,濱山街４９號,山水雅筑,29,None,None
Kaohsiung-city,苓雅區,文昌路７６號,永信林園,65,None,None
Kaohsiung-city,左營區,自由二路６巷８３號,翠堤萊茵,58,None,None
Kaohsiung-city,None,華泰路//裕豐街,瑞豐庭園,40,None,None
Kaohsiung-city,鼓山區,華泰路２９７號,豪門貴族,12,None,None
Kaohsiung-city,None,華泰路３０２號,聖羅蘭藝術伯爵,59,None,None
Kaohsiung-city,None,慶豐街//華豐街,羅馬富邑2,17,None,None
Kaohsiung-city,None,華榮路２５０號,春草大樓,13,None,None
Kaohsiung-city,鼓山區,裕誠路１１５５號,春草名家,25,None,None
Kaohsiung-city,None,立信路//富民路,博愛新天地,37,None,None
Kaohsiung-city,None,立信路１９４號,忠群皇第,35,None,None
Kaohsiung-city,None,立信路２２１號,富邑雅築,17,None,None
Kaohsiung-city,None,隆斌街//隆興街,京城別墅村(隆斌街),49,None,None
Kaohsiung-city,None,七雄街//瑞士街,瑞祥學市,21,None,None
Kaohsiung-city,None,瑞士街９２號,瑞祥學府,7,None,None
Kaohsiung-city,None,鼎瑞街７１號,鼎瑞街透天,14,None,None
Kaohsiung-city,None,泰成街//河南路,溫哥華,94,None,37
Kaohsiung-city,None,復興二路１７１號,龍揚京華,60,None,50
Kaohsiung-city,None,中正二路//六合路,維納斯堡,76,None,None
Kaohsiung-city,None,民權二路４２６號,歐洲宮庭,24,None,None
Kaohsiung-city,None,自強一路//永恆街,恆順大樓,53,None,None
Kaohsiung-city,None,廉江街４５號,光華雙喜,105,None,None
Kaohsiung-city,None,民生二路１３７號,寶成當代紀念座,57,None,89
Kaohsiung-city,None,林南街//光華一路,中國庭園大廈,45,None,None
Kaohsiung-city,None,和盛東街１３號,太子圓山,9,None,135
Kaohsiung-city,None,成功一路６號,御海,43,None,110
Kaohsiung-city,None,河西一路１３５１號,源鑫水悅E F棟,27,None,95
Kaohsiung-city,None,美術南二路//美術館路,皇裕觀雲,15,None,None
Kaohsiung-city,None,美術南五街８５號,麗晶采石,36,None,None
Kaohsiung-city,None,自由四路１８４巷１５號,綠園,40,None,55
Kaohsiung-city,None,英德橫巷//英明路,吉隆御墅,25,None,None
