Taoyuan-city,中壢區,六和路５５號,海華帝國,85,43.2,80
Taoyuan-city,龜山區,文化三路//文二三街,九揚新凱悅,137,38.6,25
Taoyuan-city,龜山區,文化三路３５號,長庚晶鑽,107,38.6,None
Taoyuan-city,桃園區,中正路//同德五街//同德六街,中悅一品苑,368,38.2,152
Taoyuan-city,龜山區,文二一街//文興路,九揚香頌,298,37.1,30
Taoyuan-city,中壢區,大勇三街//莒光路,牛津雙星,95,34.9,51
Taoyuan-city,龜山區,文二三街//文興路,台北華府-一期,86,34.8,22
Taoyuan-city,龜山區,文昌五街８６號,鳳凰匯,43,34.7,None
Taoyuan-city,桃園區,大興西路一段２５６號,捷寶君品,66,34.5,None
Taoyuan-city,中壢區,六和路//元化路//九和二街//慈惠三街,海華大帝,328,34,None
Taoyuan-city,龜山區,復興一路//文興路,九揚威世紀,174,33.5,None
Taoyuan-city,龜山區,文化二路３８號,九揚吉品,142,32.6,21
Taoyuan-city,桃園區,經國路８８號,昭揚縱橫,224,32.5,None
Taoyuan-city,龜山區,文興路//文化二路,富麗NO.2,75,32.3,None
Taoyuan-city,龜山區,文化二路//文興路,台北華府-二期,69,32,None
Taoyuan-city,龜山區,文化二路３４巷１４弄６號,長庚Rich,37,31.5,None
Taoyuan-city,龜山區,文化三路//文化二路,華麗新貴NO3,83,31.5,None
Taoyuan-city,桃園區,新埔八街１７號,葛里法五世,170,31.5,None
Taoyuan-city,桃園區,莊一街２５號,中悅藝術廣場,217,31.3,122
Taoyuan-city,桃園區,同德六街１３３號,竹城大和,235,31.3,83
Taoyuan-city,蘆竹區,南祥路//中山路,中悅上林苑,177,31.1,None
Taoyuan-city,龜山區,文化二路３４巷２號,明珠NO.1,45,30.9,None
Taoyuan-city,桃園區,國聖一街//國鼎二街//宏昌六街,海德堡,73,30.7,105
Taoyuan-city,龜山區,復興二路７８巷６６號,九揚報喜-二期,56,30.5,None
Taoyuan-city,桃園區,同德二街７４號,維也納,32,30.3,None
Taoyuan-city,龜山區,復興一路２３０號,福樺美麗殿,87,30.3,32
Taoyuan-city,蘆竹區,中正路２９號,中悅帝寶,188,30.1,None
Taoyuan-city,龜山區,文化二路７２號,富堡晶樺,55,30.1,38
Taoyuan-city,桃園區,中山路７９１號,中山都匯,150,30.1,None
Taoyuan-city,中壢區,環北路//九和六街//六和路//新生路,國際之星,800,29.9,40
Taoyuan-city,桃園區,藝文一街//新埔六街,中悅御之苑,234,29.9,142
Taoyuan-city,桃園區,大業路一段１９巷６８號,青川,22,29.9,None
Taoyuan-city,龜山區,文化三路３１５號,大內高手,78,29.8,None
Taoyuan-city,桃園區,中正路１４５２號,中悅大吾疆,114,29.6,127
Taoyuan-city,桃園區,中埔五街２６號,禧願二期,67,29.3,42
Taoyuan-city,桃園區,介壽路４５９巷６弄１號,大陽明,98,29.1,None
Taoyuan-city,龜山區,文興路２１０號,福樺閱,78,29,None
Taoyuan-city,桃園區,同德六街１４２號,禧願,58,29,57
Taoyuan-city,龜山區,文化三路//文化二路,九揚香品,137,28.7,33
Taoyuan-city,龜山區,文化二路//文化三路,九揚香邑,157,28.7,None
Taoyuan-city,蘆竹區,錦明街８０號,長堤白金漢,56,28.7,None
Taoyuan-city,龜山區,文興路//文化二路,文化富御,49,28.6,None
Taoyuan-city,龜山區,龍新街//龍鳳街,龍鳳一品花園,127,28.6,None
Taoyuan-city,桃園區,莊二街２１２號,早安藝文,108,28.5,None
Taoyuan-city,桃園區,中埔二街//中埔一街,長寶天韻,101,28.4,81
Taoyuan-city,桃園區,新埔八街７０號,合輝雲門,83,28.4,None
Taoyuan-city,桃園區,同德十二街３５８號,凡賽絲,108,28.3,None
Taoyuan-city,桃園區,新埔八街１０１號,模範家園,47,28.2,None
Taoyuan-city,蘆竹區,中山路５０號,中悅新天鵝堡,200,28.2,155
Taoyuan-city,桃園區,新埔六街１１０號,弘新花園廣場,81,28.1,129
Taoyuan-city,蘆竹區,南福街//榮興路,星池,399,28,39
Taoyuan-city,中壢區,九和一街//元化路//新生路,國際會館,486,28,None
Taoyuan-city,龜山區,文興路１２２號,福樺水悅,142,27.9,33
Taoyuan-city,龜山區,文化三路７８巷２７弄３０號,園外園,36,27.9,None
Taoyuan-city,龜山區,文化五路５６號,品上景-品藏區,60,27.9,None
Taoyuan-city,桃園區,同德六街//中埔六街,竹城喜多,219,27.9,31
Taoyuan-city,龜山區,文興路//文化二路,林口大鎮-一期,81,27.8,None
Taoyuan-city,龜山區,文化三路１號,台北雙星,185,27.8,None
Taoyuan-city,桃園區,新埔六街６６號,大衛營,61,27.7,92
Taoyuan-city,龜山區,龍鳳街２８號,龍鳳禾園,50,27.5,None
Taoyuan-city,桃園區,同安街５６８號,昭揚大器,96,27.5,None
Taoyuan-city,桃園區,南平路５８８號,群都NO.3,62,27.5,None
Taoyuan-city,龜山區,文化三路//文化七路//文三二街,佳林1010627(文化三路),92,27.4,None
Taoyuan-city,桃園區,新埔六街//同安街,藝術學院,159,27.4,72
Taoyuan-city,桃園區,中正路１３３８號,葛里芬,66,27.3,120
Taoyuan-city,龜山區,文興路２１３號,福樺君悅,85,27.3,76
Taoyuan-city,桃園區,中埔一街８８巷５６號,竹城橫綱,140,27.3,42
Taoyuan-city,龜山區,龍新街４６號,龍鳳學院,61,27.3,None
Taoyuan-city,桃園區,同德三街//寶慶路,別墅新觀,31,27.2,None
Taoyuan-city,蘆竹區,光明路一段//桃園街,京澄靖朗,88,27.2,None
Taoyuan-city,桃園區,中埔六街１７號,寶鈜雙璽,118,27.2,50
Taoyuan-city,蘆竹區,錦中街３１號,昇捷雲濤,47,27.1,None
Taoyuan-city,桃園區,中正路１０８７號,竹城東京,301,27,46
Taoyuan-city,中壢區,民權路//新明路,民權極景,206,27,None
Taoyuan-city,桃園區,經國路２５１巷８８號,昭揚大隱,88,27,None
Taoyuan-city,桃園區,中正路//同德十一街,葛里法,171,26.9,102
Taoyuan-city,桃園區,中正路１３９８之１號,合雄凰璽,185,26.7,None
Taoyuan-city,龜山區,文東一街//文化東路,品上景-品悅區,39,26.7,None
Taoyuan-city,中壢區,中北路二段２１７號,傳世三希行館,94,26.7,None
Taoyuan-city,蘆竹區,南順六街//南順七街,爵仕堡,249,26.6,28
Taoyuan-city,桃園區,中正路１３０９號,中悅音樂廣場,227,26.6,147
Taoyuan-city,龜山區,復興二路１０巷３７弄２２號,連翔出雲,49,26.6,None
Taoyuan-city,龜山區,文化東路２號,逸品苑,47,26.5,None
Taoyuan-city,蘆竹區,南順七街//南昌路,米蘭花園別墅,33,26.4,None
Taoyuan-city,桃園區,大興西路一段１９４號,中悅登峰,65,26.3,125
Taoyuan-city,桃園區,同德六街//同德七街,雅典城堡,42,26.3,None
Taoyuan-city,中壢區,民權路３３８號,民權經典,281,26.2,None
Taoyuan-city,蘆竹區,奉化路１９１號,夢享家(B),65,26.2,None
Taoyuan-city,蘆竹區,南順四街５１號,名軒夏朵天麗,61,26.2,None
Taoyuan-city,八德區,金和路//銀和街//桃拾街,桃大極二區,356,26.2,None
Taoyuan-city,桃園區,國聖一街//吉昌街//國鼎一街//國聖三街,國泰紐約廣場,401,26.1,None
Taoyuan-city,桃園區,守法路１９之４號,名人經典,112,26.1,37
Taoyuan-city,蘆竹區,忠孝西路//南昌路,合雄君璽,244,26,None
Taoyuan-city,桃園區,中埔六街３７號,涵碧賞,84,25.8,23
Taoyuan-city,龜山區,復興二路１０巷２７弄８號,涵舍,66,25.8,None
Taoyuan-city,龜山區,復興南路２６巷２３號,人文領域,34,25.7,None
Taoyuan-city,桃園區,中埔六街１０號,懷石賞,106,25.7,32
Taoyuan-city,中壢區,溪洲三街３６號,鼎藏富御,73,25.7,None
Taoyuan-city,桃園區,敬三街１號,典藏藝術,75,25.7,71
Taoyuan-city,龜山區,文興路//文化二路,寶佳登峰,298,25.6,45
Taoyuan-city,桃園區,同德十一街７６號,涵舍,102,25.6,50
Taoyuan-city,龜山區,文昌五街//復興二路,九揚報喜-一期,38,25.6,None
Taoyuan-city,中壢區,九和一街//元化路,巴黎廣場,198,25.6,None
Taoyuan-city,桃園區,中正路１１４１號,臻愛一世,189,25.5,39
Taoyuan-city,蘆竹區,南順四街２１號,名軒夏朵1期(麗星),116,25.5,45
Taoyuan-city,蘆竹區,奉化路//南順五街//南順四街,名軒夏朵三期(麗景),252,25.5,54
Taoyuan-city,桃園區,忠二路//民安路//保定一街,長堤雲鼎,56,25.4,None
Taoyuan-city,蘆竹區,南昌路５３號,香榭尊邸,289,25.4,None
Taoyuan-city,蘆竹區,上興路４３２巷２６號,富鼎豐耘,5,25.4,None
Taoyuan-city,蘆竹區,五福路１０６巷２號,綠薇閣,96,25.4,38
Taoyuan-city,龜山區,文化三路３１９號,福樺雲朗,51,25.3,None
Taoyuan-city,龜山區,萬壽路一段１２２號,法國臻品,230,25.3,None
Taoyuan-city,桃園區,幸福路//經國一路,竹城表參道,399,25.2,None
Taoyuan-city,桃園區,中埔一街３６２號,首璽,276,25.1,75
Taoyuan-city,八德區,金和路//桃拾街,桃大極一區,180,25.1,None
Taoyuan-city,桃園區,吉林路１０號,新站101,139,25,80
Taoyuan-city,桃園區,大業路一段１２１巷２號,昭揚君典,109,24.9,34
Taoyuan-city,蘆竹區,忠孝西路//南順五街//奉化路,御璽,366,24.8,None
Taoyuan-city,蘆竹區,忠孝西路//南福街,麗水漾,33,24.8,None
Taoyuan-city,桃園區,建明街２３號,新站水花園,91,24.8,40
Taoyuan-city,桃園區,天祥三街//同安街,百川地中海,96,24.7,71
Taoyuan-city,桃園區,天祥六街６７號,一品薇閣,110,24.7,41
Taoyuan-city,桃園區,經國路//莊敬路一段,合遠京王,178,24.7,None
Taoyuan-city,桃園區,莊二街２３１巷２號,尊賞別墅,78,24.6,78
Taoyuan-city,桃園區,大業路一段１０３號,一品國硯,199,24.6,76
Taoyuan-city,蘆竹區,大興一街２７６號,太禾雙星,5,24.6,None
Taoyuan-city,桃園區,大興西路二段１３９巷８１號,藝文大觀,264,24.5,None
Taoyuan-city,蘆竹區,忠孝東路１號,極上寓,144,24.5,None
Taoyuan-city,龜山區,萬壽路一段２４１巷１弄１６號,校園及第,78,24.5,None
Taoyuan-city,蘆竹區,光明路二段//南竹路一段,富堡家園,72,24.4,None
Taoyuan-city,桃園區,寶慶路５１６號,松語墅,36,24.4,None
Taoyuan-city,桃園區,同德二街１８號,松之硯,92,24.4,39
Taoyuan-city,蘆竹區,中正路//桃園街//南竹路一段,曼哈頓,518,24.4,24
Taoyuan-city,桃園區,中埔六街//南平路//中寧街,竹城箱根,460,24.3,45
Taoyuan-city,桃園區,中埔六街１３１號,歐洲桂冠,417,24.3,40
Taoyuan-city,蘆竹區,南順六街１巷３號,後現代別墅,36,24.2,101
Taoyuan-city,龜山區,文興路２０５號,福樺至善,56,24.2,None
Taoyuan-city,龜山區,興華一街//興華二街,捷運晶美,71,24.2,None
Taoyuan-city,蘆竹區,大正街//忠孝西路,明水苑,203,24.2,51
Taoyuan-city,桃園區,同德五街３００號,百川十善,57,24.1,58
Taoyuan-city,中壢區,民權路三段１５巷７１號,赫里翁,17,24.1,None
Taoyuan-city,桃園區,民族路２５０號,葛里法W,93,24.1,None
Taoyuan-city,桃園區,大業路一段２７７號,澄玉,18,24,None
Taoyuan-city,桃園區,新埔三街３８巷２號,鴻灃ART,173,24,None
Taoyuan-city,龜山區,文化七路１８１巷１７弄８號,緣圓園NO.6,60,23.9,None
Taoyuan-city,桃園區,永安路７７６號,百川大?,133,23.9,58
Taoyuan-city,蘆竹區,忠孝西路１５９號,謙和園,80,23.9,44
Taoyuan-city,桃園區,中正路７０８號,中悅捷寶,62,23.9,82
Taoyuan-city,蘆竹區,中正路１５５號,臻愛巴黎,380,23.8,33
Taoyuan-city,蘆竹區,中山北街２１號,竹城上越,394,23.8,None
Taoyuan-city,桃園區,中埔二街//大興西路二段,竹城富士,473,23.7,45
Taoyuan-city,桃園區,大興西路二段６９巷６２號,紐約大時代,435,23.7,None
Taoyuan-city,桃園區,大業路一段４２６號,昇捷麗舍,49,23.7,52
Taoyuan-city,蘆竹區,長春路４７號,宜誠大美,48,23.7,None
Taoyuan-city,桃園區,經國路７０號,璀璨經國,160,23.6,26
Taoyuan-city,蘆竹區,中山路３６之３號,中悅城堡,116,23.6,None
Taoyuan-city,蘆竹區,南順四街５０號,名軒夏朵2期(沐夏),98,23.6,39
Taoyuan-city,龜山區,龍新街２８號,美麗森林,74,23.6,None
Taoyuan-city,桃園區,中埔二街//中埔一街//大興西路二段,竹城御賞,488,23.5,35
Taoyuan-city,平鎮區,文化街９０巷３６弄１號,文化園邸,26,23.5,77
Taoyuan-city,蘆竹區,奉化路２１８號,涵園,112,23.5,None
Taoyuan-city,桃園區,大興西路二段１３９巷２１號,竹城鶴岡,304,23.5,None
Taoyuan-city,中壢區,九和一街//新生路,百老匯宮廷,409,23.4,None
Taoyuan-city,桃園區,吉昌街２３６號,世田賞,99,23.4,None
Taoyuan-city,八德區,大智路//桃智路,桃大泰極,98,23.4,None
Taoyuan-city,桃園區,天祥三街８號,發現紐約,224,23.3,63
Taoyuan-city,蘆竹區,南崁路一段８０號,水芭蕾,313,23.3,38
Taoyuan-city,中壢區,中北路二段２０８巷４１號,莎翁花園城堡,83,23.3,27
Taoyuan-city,桃園區,經國路１９９號,中悅桂冠,164,23.2,65
Taoyuan-city,蘆竹區,南昌路１號,香榭堤景,341,23.2,None
Taoyuan-city,桃園區,國聖一街//宏昌十二街//國際路一段//國鼎二街,康橋二期,53,23.2,None
Taoyuan-city,中壢區,環西路二段３４８號,世界1,205,23.2,28
Taoyuan-city,蘆竹區,新南路一段１２７號,中悅國寶,80,23.2,None
Taoyuan-city,蘆竹區,仁愛路三段４６號,中悅仁愛廣場,159,23.1,75
Taoyuan-city,蘆竹區,南福街２２３號,合雄星晴天,137,23.1,None
Taoyuan-city,蘆竹區,南平街//南竹路一段,臻愛,131,23,38
Taoyuan-city,蘆竹區,南福街１７０號,青田,68,23,50
Taoyuan-city,中壢區,新興路２３０巷１６號,福容中壢京站,247,23,22
Taoyuan-city,桃園區,民族路//博愛路,尊勝首善,104,23,None
Taoyuan-city,龜山區,復興一路３３０號,皇家勳章,53,22.9,46
Taoyuan-city,中壢區,慈惠三街//九和一街,世紀宮廷,413,22.9,None
Taoyuan-city,蘆竹區,南福街１８６巷１３號,橘園,183,22.9,None
Taoyuan-city,中壢區,元化路２６８號,海華麗緻,190,22.9,None
Taoyuan-city,蘆竹區,吉林路１４５號,中悅四季,182,22.9,60
Taoyuan-city,中壢區,新中一街４１號,大學藝墅館,84,22.9,75
Taoyuan-city,龜山區,文二三街//文興路,福樺博覽會,68,22.8,32
Taoyuan-city,桃園區,大業路一段１３７號,石清之水,110,22.8,90
Taoyuan-city,中壢區,新中二街１８號,依莎美學,73,22.8,None
Taoyuan-city,中壢區,西園路１１６號,鴻福帝景,60,22.8,None
Taoyuan-city,桃園區,經國路２９８號,中悅春天廣場,225,22.8,93
Taoyuan-city,桃園區,大連二街１６６號,大睦澄品,60,22.7,None
Taoyuan-city,桃園區,中埔二街２００號,梵谷與我,71,22.6,36
Taoyuan-city,蘆竹區,南順六街//南昌路//南順七街,星光市,388,22.5,28
Taoyuan-city,桃園區,莊敬路一段１７６號,中悅知音花園廣場,107,22.5,111
Taoyuan-city,蘆竹區,榮興路２６號,新台北華城,164,22.5,None
Taoyuan-city,桃園區,莊一街１１８號,莊敬御璽,31,22.5,118
Taoyuan-city,桃園區,莊一街//中正路,竹城和賞,164,22.5,45
Taoyuan-city,中壢區,九和二街//九和三街//新生路//六和路,雅典宮廷,459,22.5,38
Taoyuan-city,中壢區,榮和五街５１號,深耕5,32,22.4,None
Taoyuan-city,桃園區,莊敬路二段１２２號,大清椈月,78,22.4,None
Taoyuan-city,桃園區,中埔六街//南平路,竹城賞,240,22.4,42
Taoyuan-city,蘆竹區,吉林路１４３號,中悅晶華,42,22.4,73
Taoyuan-city,蘆竹區,奉化路//南順七街,麗寶經典,419,22.3,55
Taoyuan-city,桃園區,大興西路二段５５號,新洋房,361,22.3,None
Taoyuan-city,中壢區,陸光六街６號,陸光國宅F+G區,15,22.2,None
Taoyuan-city,桃園區,同安街３３６巷１號,紐約紐約,21,22.2,None
Taoyuan-city,桃園區,中山路８８１號,京澄清朗,26,22.2,None
Taoyuan-city,蘆竹區,洛陽街//光明路一段,海漾,147,22.2,42
Taoyuan-city,桃園區,經國路３３６巷２８號,經國之星,255,22.2,37
Taoyuan-city,蘆竹區,仁愛路二段３號,遠東世界花園,230,22.1,68
Taoyuan-city,蘆竹區,南福街１８６巷４２號,城市綠洲,77,22.1,None
Taoyuan-city,龜山區,文昌一街６３號,橘園,60,22.1,None
Taoyuan-city,蘆竹區,南崁路３４８巷１號,五福精品,42,22.1,None
Taoyuan-city,桃園區,國強十街//國強一街//國豐三街,昭揚家,216,22.1,None
Taoyuan-city,桃園區,莊二街２１５號,陽光凱悅,59,22.1,None
Taoyuan-city,桃園區,中埔二街１７３號,植村秀樹,59,22.1,71
Taoyuan-city,蘆竹區,南福街５１號,星河,534,22.1,None
Taoyuan-city,桃園區,同德二街５７號,臻愛一生,170,22,32
Taoyuan-city,八德區,國豐五街２巷１號,清境5期,24,22,90
Taoyuan-city,中壢區,延平路９０巷１０６號,興聚沐川,45,22,None
Taoyuan-city,蘆竹區,福祿一街８１號,御薇閣,206,22,49
Taoyuan-city,蘆竹區,福祿一街１９０號,白金漢宮,47,22,105
Taoyuan-city,蘆竹區,新南路一段//南華一街,馬可波羅I,548,21.9,31
Taoyuan-city,桃園區,國聖一街//國際路一段,康橋伯爵(五期),30,21.9,None
Taoyuan-city,桃園區,永順街８８巷６號,力璞當代,80,21.9,None
Taoyuan-city,蘆竹區,歐楓街,歐楓大郡,56,21.9,None
Taoyuan-city,蘆竹區,中山路１６０號,竹城朝日,103,21.9,None
Taoyuan-city,中壢區,新生路//六和路//九和五街//九和三街,宮廷樂章,321,21.8,35
Taoyuan-city,蘆竹區,奉化路１４２號,都會風閣,302,21.8,None
Taoyuan-city,龜山區,興華一街//興華三街,捷運晶棧,114,21.8,None
Taoyuan-city,桃園區,莊一街１５６號,竹城兼六園,171,21.8,40
Taoyuan-city,蘆竹區,中正路２５號,航空名流,646,21.8,None
Taoyuan-city,桃園區,大興西路二段１３９巷１１１號,上城,343,21.8,None
Taoyuan-city,桃園區,大有路３３６號,杜拜美學,295,21.8,None
Taoyuan-city,八德區,介壽路二段４２８巷２弄２號,康荷賞,67,21.8,67
Taoyuan-city,蘆竹區,南平街//南竹路一段,臻美,259,21.7,52
Taoyuan-city,蘆竹區,五福路８６號,薇閣千喜,176,21.7,37
Taoyuan-city,蘆竹區,吉林路１４６號,竹城采都,360,21.7,41
Taoyuan-city,蘆竹區,南順七街２巷２號,悅園,48,21.7,None
Taoyuan-city,桃園區,莊二街１８８號,薇多利亞,62,21.7,49
Taoyuan-city,八德區,中華路５巷５０號,武陵悅,98,21.7,None
Taoyuan-city,中壢區,莊敬路８２９巷２號,振翔富御,200,21.7,None
Taoyuan-city,蘆竹區,吉林路１１９號,中悅凱撒,171,21.7,52
Taoyuan-city,龜山區,文化二路３８之１１號,松荷,45,21.6,100
Taoyuan-city,八德區,和義街１１號,湖水裔,67,21.6,41
Taoyuan-city,中壢區,環西路二段２０１號,昇公館,80,21.6,None
Taoyuan-city,八德區,公園路９１號,廣豐公園NO3,136,21.6,None
Taoyuan-city,桃園區,大連一街６１號,早稻田,286,21.6,None
Taoyuan-city,龜山區,萬壽路一段//龍新街//龍江街//龍泉街,21世紀別墅,274,21.6,None
Taoyuan-city,蘆竹區,大新三街//大福路,寓上春樹,49,21.6,None
Taoyuan-city,桃園區,大興西路二段//中正路,演說家,540,21.6,None
Taoyuan-city,中壢區,溪洲街１號,站前藝術館,174,21.5,None
Taoyuan-city,桃園區,敬三街６號,藝樹年鑑,182,21.5,71
Taoyuan-city,蘆竹區,南崁路一段７０號,大來賞,103,21.4,None
Taoyuan-city,蘆竹區,南福街１８８號,璞石賞,112,21.4,None
Taoyuan-city,桃園區,中埔六街６７號,德友爵品,47,21.4,47
Taoyuan-city,桃園區,同安街５號,涵碧園,92,21.4,48
Taoyuan-city,桃園區,國豐三街７２號,豐達百邑,100,21.4,None
Taoyuan-city,蘆竹區,中山路１９６號,長昇美居,173,21.4,None
Taoyuan-city,蘆竹區,吉林路８９號,竹城吉川,80,21.4,None
Taoyuan-city,蘆竹區,上竹路２９７號,中麗璞遇,23,21.4,None
Taoyuan-city,蘆竹區,中山路１７號,中悅高登,95,21.4,112
Taoyuan-city,龜山區,文三二街５６號,御園道,136,21.3,45
Taoyuan-city,桃園區,南豐二街１２０號,桃大君匯,138,21.3,103
Taoyuan-city,桃園區,同安街２０３號,臻園,51,21.3,23
Taoyuan-city,桃園區,民有十二街１１號,百川晶硯B區,84,21.3,None
Taoyuan-city,桃園區,大連二街//中正五街//大連三街,天地賞,91,21.3,75
Taoyuan-city,桃園區,樹仁一街３０號,名人新宿,31,21.3,35
Taoyuan-city,桃園區,民富十三街//大有路,長昇采居,211,21.3,None
Taoyuan-city,桃園區,中埔二街１２５號,米羅花園,58,21.2,None
Taoyuan-city,桃園區,陽明十一街//陽明十二街,佳瑞綠灣,96,21.2,35
Taoyuan-city,桃園區,縣府路７６號,昇捷白金漢,26,21.2,None
Taoyuan-city,龜山區,復興一路//忠義路二段,九揚香璽,53,21.2,None
Taoyuan-city,桃園區,大業路一段３２４號,竹城新宿,216,21.2,33
Taoyuan-city,蘆竹區,南昌路//南順五街,麗寶新傳2期,278,21.2,None
Taoyuan-city,桃園區,莊敬路二段//敬三街,世紀風華,394,21.2,33
Taoyuan-city,八德區,大智路//廣豐三街,竹城六本木,299,21.2,37
Taoyuan-city,龜山區,文化五路１１７號,綠光社區-ABCD區,240,21.2,None
Taoyuan-city,龜山區,公園路//文化二路,新鮮市,262,21.2,None
Taoyuan-city,桃園區,中埔六街３６號,中國龍二期,55,21.2,32
Taoyuan-city,中壢區,五光二街//中正路,百川文隱,125,21.2,None
Taoyuan-city,桃園區,大連三街４７號,輕井花道,78,21.1,181
Taoyuan-city,蘆竹區,仁愛路三段２６０巷２５號,竹城代官山,309,21.1,33
Taoyuan-city,桃園區,介壽路１號,麗寶紐約,599,21.1,None
Taoyuan-city,桃園區,桃智路１號,竹城新城,214,21.1,None
Taoyuan-city,桃園區,大有路４５８號,和瑞麗悅,204,21.1,None
Taoyuan-city,八德區,長興一路２６號,逸極上城區,49,21.1,None
Taoyuan-city,桃園區,自強路//寶慶路,福太別墅,80,21.1,104
Taoyuan-city,桃園區,南平路４４５號,竹之城,167,21.1,35
Taoyuan-city,桃園區,同安街５８６號,百川雲頂,79,21.1,94
Taoyuan-city,蘆竹區,仁愛路三段２６２號,青城之戀,125,21.1,50
Taoyuan-city,桃園區,宏昌六街６１巷３６弄２號,康橋經典,78,21,None
Taoyuan-city,桃園區,泰昌十一街//泰昌九街,春城VILLA,80,21,None
Taoyuan-city,蘆竹區,忠孝西路//大正街,國家學院,210,21,None
Taoyuan-city,八德區,和義二街//東勇街//和義街,真鑽,30,21,104
Taoyuan-city,桃園區,福清街//永光街,聚豐耘,40,21,None
Taoyuan-city,蘆竹區,南昌路//南順八街,大聯邦九期,124,21,None
Taoyuan-city,龜山區,萬壽路一段２４３號,翠堤大地,187,21,None
Taoyuan-city,桃園區,國強十一街//龍安街,合遠家悅,131,21,None
Taoyuan-city,桃園區,國聖二街２號,英倫皇家,370,21,34
Taoyuan-city,蘆竹區,長春路７巷１７號,竹城靜崗,123,20.9,32
Taoyuan-city,中壢區,環西路二段２１６號,法國紅,58,20.9,26
Taoyuan-city,八德區,廣豐路//公園路,合雄帝璟,555,20.9,None
Taoyuan-city,桃園區,泰昌三街１１號,豐達邑,97,20.9,None
Taoyuan-city,龜山區,萬壽路一段３８１號,家麒桂林,99,20.9,None
Taoyuan-city,桃園區,大興西路二段２０號,城市大亨,492,20.9,36
Taoyuan-city,桃園區,建國路４６號,新站公園,134,20.9,32
Taoyuan-city,蘆竹區,吉林路３９號,竹城京都,318,20.8,41
Taoyuan-city,桃園區,經國路//天祥一街,經國麗品,251,20.8,38
Taoyuan-city,桃園區,民有五街//民光東路,巴黎街頭二期,169,20.8,43
Taoyuan-city,桃園區,永安北路３８１巷６弄１號,紐約四季,140,20.8,None
Taoyuan-city,桃園區,永安北路//中埔一街,京采,246,20.8,None
Taoyuan-city,蘆竹區,愛山街２號,春秋行館,96,20.8,None
Taoyuan-city,桃園區,大林路３１號,新站E生活,36,20.8,None
Taoyuan-city,龜山區,萬壽路一段１６１號,龍門,398,20.8,48
Taoyuan-city,中壢區,龍岡路二段２號,傳世紀,28,20.8,None
Taoyuan-city,桃園區,鎮撫街３６０號,公園麗景,111,20.8,None
Taoyuan-city,桃園區,國鼎一街１９號,巴黎花都,458,20.8,28
Taoyuan-city,桃園區,莊二街//中正路,國王城堡,107,20.7,50
Taoyuan-city,平鎮區,延平路二段４３０巷５０弄１號,遠昌官邸,24,20.7,118
Taoyuan-city,蘆竹區,福祿一街３９號,日光花園,164,20.7,None
Taoyuan-city,蘆竹區,奉化路//南順二街,時尚風閣,251,20.7,None
Taoyuan-city,中壢區,杭州路//徐州街,杭州麗緻,115,20.7,39
Taoyuan-city,桃園區,慈光街１８號,品藏,114,20.7,39
Taoyuan-city,八德區,興隆街１巷２號,新光別墅,145,20.7,67
Taoyuan-city,八德區,廣豐二街２１號,昭揚君品,116,20.7,None
Taoyuan-city,中壢區,福州二街５１９號,水明漾,64,20.7,None
Taoyuan-city,八德區,建德路１２８號,御丰莊園,102,20.7,None
Taoyuan-city,蘆竹區,中山路８號,中悅麗池,121,20.6,79
Taoyuan-city,中壢區,福州二街５０８號,伯爵與夫人,367,20.6,None
Taoyuan-city,桃園區,大興西路一段３１７號,天下大觀,453,20.6,None
Taoyuan-city,八德區,大智路１０１號,六本木之丘,99,20.6,None
Taoyuan-city,八德區,公園路//廣豐路//廣豐二街,廣豐公園NO1,106,20.6,None
Taoyuan-city,桃園區,民有十二街１２號,百川晶硯A區,123,20.6,None
Taoyuan-city,桃園區,建國路５３號,新站京華,310,20.6,35
Taoyuan-city,桃園區,寶慶路１２２號,昇捷臻品,148,20.6,83
Taoyuan-city,桃園區,大業路一段３２３號,輕井澤,249,20.6,30
Taoyuan-city,桃園區,天祥六街//經國路,大都市御品,138,20.5,67
Taoyuan-city,中壢區,環西路二段２７８號,法國之星,581,20.5,36
Taoyuan-city,蘆竹區,奉化路２５８巷１號,四季區,392,20.5,None
Taoyuan-city,桃園區,愛七街//中正三街//愛五街,巴黎馥,188,20.5,None
Taoyuan-city,桃園區,國際一路//中路街,桃大富林苑,181,20.5,70
Taoyuan-city,蘆竹區,吉林路１２８號,宜誠桂冠,67,20.4,None
Taoyuan-city,桃園區,同德五街２８１號,阿曼,82,20.4,31
Taoyuan-city,桃園區,大業路一段//民光東路,臻愛歐洲,463,20.4,20
Taoyuan-city,蘆竹區,南崁路一段２０２號,宜誠君悅,220,20.4,None
Taoyuan-city,平鎮區,振平街８２號,1號公館,84,20.4,None
Taoyuan-city,蘆竹區,上興路７７巷６３號,友禪6期,56,20.4,None
Taoyuan-city,蘆竹區,上興路//大興路,大器,11,20.4,None
Taoyuan-city,中壢區,三光路//環西路二段,法國賞,350,20.4,44
Taoyuan-city,中壢區,內江街//五華街,涵美賞,66,20.3,None
Taoyuan-city,八德區,公園路５１號,廣豐公園NO2,199,20.3,None
Taoyuan-city,桃園區,民有三街４５１號,Room18,201,20.3,None
Taoyuan-city,桃園區,大豐路//樹林九街,新站御庭苑,266,20.3,37
Taoyuan-city,桃園區,大林路１００號,富爺,34,20.3,None
Taoyuan-city,蘆竹區,五福一路９６號,英橋典匠,121,20.3,None
Taoyuan-city,蘆竹區,長春路//吉林路,宜誠文學院,135,20.2,45
Taoyuan-city,桃園區,德華街２６號,竹城明石,157,20.2,None
Taoyuan-city,桃園區,莊二街１６８號,綠意心賞,106,20.2,32
Taoyuan-city,中壢區,環西路二段２２８號,法國香榭,269,20.2,None
Taoyuan-city,桃園區,中埔一街//同德十街//永安北路//中正路,生活家,155,20.2,None
Taoyuan-city,八德區,和義街３１號,明水硯,56,20.2,45
Taoyuan-city,桃園區,慈文路１４號,經國亞緻,145,20.2,None
Taoyuan-city,龜山區,興華三街２９號,綠光社區-FGH區,97,20.2,None
Taoyuan-city,桃園區,同德七街４６號,豪情世家,382,20.2,None
Taoyuan-city,桃園區,金門二街//延平路,新站風華,102,20.2,39
Taoyuan-city,龜山區,南祥路８１號,宜誠層峰,364,20.2,None
Taoyuan-city,蘆竹區,吉林路１０１號,中悅班芙春天,158,20.1,61
Taoyuan-city,桃園區,天祥七街１１３號,自由市,99,20.1,None
Taoyuan-city,桃園區,中山路５２６號,戀家,75,20.1,None
Taoyuan-city,中壢區,新生路//六和路//九和六街//九和五街,美麗宮庭,291,20.1,35
Taoyuan-city,桃園區,同德十街２０巷１號,漂亮,387,20.1,33
Taoyuan-city,桃園區,莊敬路二段１１３號,登瑞臻品,42,20.1,91
Taoyuan-city,八德區,大和路１０１號,海德皇家,124,20.1,52
Taoyuan-city,桃園區,大興路//興一街,心天母,265,20.1,None
Taoyuan-city,桃園區,國強一街１７０之１號,遇見鴻築,132,20.1,None
Taoyuan-city,桃園區,中正三街１５１號,中正美館,67,20.1,None
Taoyuan-city,平鎮區,民族路二段３３號,玉山,324,20.1,None
Taoyuan-city,蘆竹區,大福路//豪登一街,湖硯,98,20.1,None
Taoyuan-city,蘆竹區,大興路３７１號,宜誠國玥,100,20.1,None
Taoyuan-city,八德區,永福西街//公園路,公園大墅,269,20.1,65
Taoyuan-city,蘆竹區,吉林路７１號,竹城千葉園,76,20.1,40
Taoyuan-city,桃園區,民有五街７３號,巴黎街頭一期,65,20,32
Taoyuan-city,蘆竹區,忠孝西路//南順六街,早安校園,74,20,None
Taoyuan-city,蘆竹區,南順八街１號,夢享家(A),113,20,None
Taoyuan-city,桃園區,民有東路８號,宜誠金品二期(鑽石區),140,20,None
Taoyuan-city,桃園區,,森活SMART,119,20,18
Taoyuan-city,蘆竹區,力行街//光明路一段,金富麗一期,42,20,None
Taoyuan-city,桃園區,中正三街//永安路,中正悅光,55,20,None
Taoyuan-city,龜山區,萬壽路一段３８８號,大慶蓮莊,407,20,None
Taoyuan-city,中壢區,榮安十三街６０號,深耕6,97,20,None
Taoyuan-city,桃園區,國豐三街//龍安街,中路御品,246,20,None
Taoyuan-city,桃園區,龍泉六街８號,歐楓大郡No5,117,20,None
Taoyuan-city,桃園區,育仁街//育樂街,遠東名人錄,99,20,None
Taoyuan-city,中壢區,中北路二段１７８號,科學城,366,20,35
Taoyuan-city,桃園區,大原路２０巷１號,新站首邑,112,19.9,72
Taoyuan-city,桃園區,同德六街//中埔六街,福利國,406,19.9,None
Taoyuan-city,桃園區,中埔六街１８２號,中正大第,178,19.9,None
Taoyuan-city,桃園區,同安街３３６巷２８號,富貴園,61,19.9,None
Taoyuan-city,桃園區,瑞慶路３７９號,德友一巷青,29,19.9,None
Taoyuan-city,桃園區,莊敬路一段//莊二街,羅浮宮廷,423,19.9,36
Taoyuan-city,蘆竹區,南順一街２巷１６號,帝景鳳祥區,46,19.9,None
Taoyuan-city,中壢區,普義路２１９號,維納斯花園廣場,368,19.9,30
Taoyuan-city,中壢區,中北路二段２１０號,大學園區,337,19.9,35
Taoyuan-city,桃園區,興一街１１２號,風尚,271,19.9,45
Taoyuan-city,蘆竹區,奉化路１５６號,花都,386,19.8,None
Taoyuan-city,桃園區,大連二街//正康三街,梵谷星空,170,19.8,39
Taoyuan-city,桃園區,同德十二街１７９號,豪門貴族,28,19.8,None
Taoyuan-city,桃園區,同安街//新埔五街//大興西路一段,遠東風華,238,19.8,36
Taoyuan-city,桃園區,同安街３９９號,建築與我,120,19.8,36
Taoyuan-city,桃園區,同德十街//中埔一街,中正愛家-C區,106,19.7,None
Taoyuan-city,八德區,中華路５巷２２號,明日耀,151,19.7,None
Taoyuan-city,蘆竹區,吉林路１３６號,竹城大阪,210,19.7,40
Taoyuan-city,平鎮區,復旦路//環南路,雅典城堡,95,19.6,75
Taoyuan-city,蘆竹區,奉化路２６０號,阿曼區,293,19.6,None
Taoyuan-city,八德區,金和路//大和路,巴黎花都,356,19.6,33
Taoyuan-city,桃園區,慈德街１１０號,日光流域,312,19.6,32
Taoyuan-city,桃園區,文中路６２３之１號,豐達謙邑,140,19.6,None
Taoyuan-city,桃園區,經國路２８０號,台北捷豹,261,19.6,None
Taoyuan-city,中壢區,慈惠三街１１３號,哥德宮廷,321,19.6,40
Taoyuan-city,桃園區,逸林街１１６號,臻琴,125,19.5,None
Taoyuan-city,桃園區,孝一街//忠一路,縣府敦品,73,19.5,None
Taoyuan-city,蘆竹區,南昌路１３５號,麗寶新傳1期,111,19.5,None
Taoyuan-city,桃園區,民有十一街//寶山街,百川哲禮,107,19.5,48
Taoyuan-city,桃園區,民富十三街４７號,長昇里居,44,19.5,None
Taoyuan-city,桃園區,民光東路１７０號,臻愛加州,308,19.4,30
Taoyuan-city,八德區,和義二街３９號,百川十方,125,19.4,40
Taoyuan-city,桃園區,經國路３９９號,龍鳳經國,152,19.4,None
Taoyuan-city,桃園區,中山路９５６巷１５６號,鴻築新願,83,19.4,None
Taoyuan-city,中壢區,富強西街//莊敬路//永強街,國泰內壢香榭新象,207,19.4,None
Taoyuan-city,桃園區,國聖一街１２７號,瑞士花園,164,19.4,32
Taoyuan-city,蘆竹區,五福一路１３號,快樂GO,159,19.3,None
Taoyuan-city,桃園區,大興路２９２號,鴻築由心,95,19.3,None
Taoyuan-city,蘆竹區,大興路//大新路,文藝復興No2-韋瓦第,91,19.3,None
Taoyuan-city,蘆竹區,興福街//興仁路,大睦松荷,32,19.3,None
Taoyuan-city,中壢區,富國街//莊敬路//富裕街//強國路,維多利亞,107,19.3,None
Taoyuan-city,桃園區,同安街５０３巷１１號,香榭別墅,44,19.3,None
Taoyuan-city,桃園區,中山路７９０號,美學苑,208,19.3,37
Taoyuan-city,中壢區,龍岡路三段//龍慈路,雲邸,139,19.2,None
Taoyuan-city,桃園區,民生路３０２號,寶佳利,204,19.2,None
Taoyuan-city,蘆竹區,大福路１０８號,帝境別墅-五期,28,19.2,None
Taoyuan-city,蘆竹區,大福路１２１號,巴黎情歌,174,19.2,None
Taoyuan-city,蘆竹區,大興十四街６５號,大硯人文行館-西區,29,19.2,None
Taoyuan-city,中壢區,南園二路２９６巷２３號,光合硯,141,19.2,None
Taoyuan-city,桃園區,大興西路二段２６１號,大興敦煌,454,19.2,None
Taoyuan-city,蘆竹區,南順七街//奉化路,風車的故鄉,188,19.2,37
Taoyuan-city,蘆竹區,南順一街//奉化路,帝景龍禧區,123,19.2,49
Taoyuan-city,蘆竹區,油管路一段麗水巷３號,達觀,126,19.2,32
Taoyuan-city,桃園區,民有十二街//寶山街//民有三街,嘉璟臻星,212,19.1,22
Taoyuan-city,平鎮區,延平路二段２號,鴻築吾江,390,19.1,None
Taoyuan-city,蘆竹區,福祿一街５６號,五福名門II,38,19.1,None
Taoyuan-city,桃園區,樹仁三街２１號,美力城邦極美館,213,19.1,None
Taoyuan-city,蘆竹區,竹中街//上竹四街,天御,73,19.1,None
Taoyuan-city,蘆竹區,中興五街４１號,漢豐御品苑,46,19.1,None
Taoyuan-city,蘆竹區,上興路７６號,亞太心墅,76,19.1,None
Taoyuan-city,桃園區,同德七街//中埔二街,卡洛琳,132,19.1,79
Taoyuan-city,桃園區,經國路４６７號,米蘭麗都,55,19,87
Taoyuan-city,桃園區,宏昌十二街//國聖一街//國際路一段,康橋三期,44,19,None
Taoyuan-city,桃園區,民有五街１０２號,天母光點,75,19,33
Taoyuan-city,中壢區,元生三街//文化路//文化二路,藍天特區,185,19,None
Taoyuan-city,蘆竹區,歐楓街５１號,富良野,183,19,None
Taoyuan-city,桃園區,民富十三街１１號,新晶華,182,19,None
Taoyuan-city,八德區,和平路１１６號,香榭儷舍,187,19,39
Taoyuan-city,桃園區,慈文路１３２號,非常容易,98,19,None
Taoyuan-city,平鎮區,中正一路３４９號,城華都富,26,19,None
Taoyuan-city,八德區,廣興三路２號,深耕8,83,19,None
Taoyuan-city,桃園區,南平路//寶慶路,中國龍三期,178,19,None
Taoyuan-city,桃園區,莊敬路一段１９４號,豐田大郡,785,19,None
Taoyuan-city,桃園區,天祥五街//經國路,巴黎富邑,436,19,40
Taoyuan-city,桃園區,新埔十街１６號,康橋別墅,96,19,81
Taoyuan-city,蘆竹區,中山路１３６號,凱撒宮廷,161,19,None
Taoyuan-city,蘆竹區,中山路１０８巷２號,樂活,110,18.9,None
Taoyuan-city,蘆竹區,光明路二段２２５號,富春山居,57,18.9,142
Taoyuan-city,桃園區,縣府路２５６巷９號,縣府豪門,97,18.9,None
Taoyuan-city,中壢區,元化路１６５巷１７號,美京大廈,115,18.9,46
Taoyuan-city,桃園區,國際一路//國際路一段,新家坡16,51,18.9,None
Taoyuan-city,桃園區,大業路一段８０號,路易威登,145,18.9,15
Taoyuan-city,蘆竹區,長興路一段２號,長堤晶華,142,18.9,None
Taoyuan-city,中壢區,長興街//復華六街,微笑城堡,206,18.9,None
Taoyuan-city,桃園區,春日路１４６５號,五星一品,93,18.9,None
Taoyuan-city,蘆竹區,南順四街１巷１號,新植物園,91,18.9,None
Taoyuan-city,蘆竹區,大興八街//大新一街,君邑韋瓦第,129,18.9,None
Taoyuan-city,桃園區,國聖一街５１號,巴黎之星,44,18.9,None
Taoyuan-city,中壢區,慈惠三街１３１號,羅馬宮廷,176,18.9,38
Taoyuan-city,蘆竹區,奉化路//南順四街,昇捷荷堂,181,18.8,40
Taoyuan-city,桃園區,慈光街９３號,綠色奇跡,245,18.8,51
Taoyuan-city,桃園區,國強一街//國豐二街,竹城加賀,242,18.8,None
Taoyuan-city,中壢區,文化路３０２號,向陽特區,154,18.8,None
Taoyuan-city,八德區,中路南街//國際路,天琴,172,18.8,36
Taoyuan-city,龜山區,文化七路１８１巷３９號,智富館,36,18.8,None
Taoyuan-city,八德區,天祥街//大福街,輝煌騰達,148,18.8,None
Taoyuan-city,桃園區,同德十街//中埔一街,中正愛家-B區,132,18.8,32
Taoyuan-city,八德區,和義一街//和義街,喆園,24,18.8,None
Taoyuan-city,桃園區,文中路２５號,翰林苑,363,18.8,30
Taoyuan-city,桃園區,國豐六街４１號,鉑金HOUSE,211,18.8,None
Taoyuan-city,蘆竹區,南順七街//奉化路,威尼斯,89,18.7,45
Taoyuan-city,蘆竹區,南華一街//鎮江街,馬可波羅II,164,18.7,41
Taoyuan-city,桃園區,民有十二街//民富十一街//大業路一段,四季水花園,239,18.7,38
Taoyuan-city,蘆竹區,五福六路５６巷２７弄１０號,優生寶貝,67,18.7,None
Taoyuan-city,八德區,忠勇五街//忠勇一街//忠勇六街//東勇一路,君臨天下,283,18.7,68
Taoyuan-city,中壢區,榮安八街３７號,幸福樂章,40,18.7,None
Taoyuan-city,平鎮區,振平街１３９巷１８號,文華新站,98,18.7,None
Taoyuan-city,蘆竹區,興福街//興中街,璽寶三期,37,18.7,None
Taoyuan-city,蘆竹區,大興十街１０１號,楓丹白露,88,18.7,None
Taoyuan-city,中壢區,溪洲街//普義路,榮耀歐洲,467,18.7,40
Taoyuan-city,中壢區,元生三街１１３號,宜誠麗都,410,18.7,None
Taoyuan-city,蘆竹區,錦明街２１號,航空SMART,96,18.6,31
Taoyuan-city,中壢區,文化二路//長樂街,陽光生活,56,18.6,None
Taoyuan-city,中壢區,文化二路//長樂街,飛揚特區,375,18.6,None
Taoyuan-city,平鎮區,振平街２０９號,新文華,179,18.6,None
Taoyuan-city,桃園區,國聖一街６１號,國家都會,136,18.6,None
Taoyuan-city,八德區,義勇街６８號,桃大悅園,61,18.6,None
Taoyuan-city,中壢區,正光二街//正光街,佳瑞大學誠,131,18.6,None
Taoyuan-city,中壢區,正大街//正光二街,寶誠藏悅,188,18.6,34
Taoyuan-city,桃園區,天祥七街//新埔十街,名峰花都,241,18.6,None
Taoyuan-city,八德區,豐田一路５３號,悅天下,104,18.6,None
Taoyuan-city,蘆竹區,中正路//新南路一段,台北國道,96,18.6,None
Taoyuan-city,八德區,國豐六街２３號,振翔新天地,212,18.6,None
Taoyuan-city,桃園區,敬二街//莊一街,中正學府,98,18.6,38
Taoyuan-city,桃園區,天祥一街７０號,尚林御園,92,18.6,None
Taoyuan-city,中壢區,元化路２７５號,國家宮廷,120,18.6,40
Taoyuan-city,桃園區,宏昌七街//宏昌六街,三宅一生,49,18.6,None
Taoyuan-city,桃園區,龍安街１５４號,都心別墅(金龍玉安),79,18.6,None
Taoyuan-city,桃園區,漢中路２３２號,陽明新站,54,18.6,32
Taoyuan-city,蘆竹區,六福路２１７號,太子太陽城,234,18.5,None
Taoyuan-city,桃園區,經國路５６號,昇捷高第,70,18.5,86
Taoyuan-city,桃園區,民有五街１２０號,天母之星,116,18.5,39
Taoyuan-city,平鎮區,延平路二段１號,極光,161,18.5,None
Taoyuan-city,桃園區,莊敬路一段３６７號,國際村,249,18.5,43
Taoyuan-city,桃園區,樹仁三街６７號,美力城邦-國美館,213,18.5,None
Taoyuan-city,蘆竹區,錦明街１１號,蘆園,69,18.5,None
Taoyuan-city,中壢區,中華路一段７１１號,一泉一墅,728,18.5,None
Taoyuan-city,中壢區,興仁路二段６４８巷４６號,鼎藏晶華1期,94,18.5,None
Taoyuan-city,桃園區,明德街//瑞慶路//寶慶路,中國江山,617,18.5,None
Taoyuan-city,桃園區,宏昌八街//國聖一街,維也納B,167,18.5,35
Taoyuan-city,桃園區,春日路６５６號,潤泰大家,474,18.4,26
Taoyuan-city,平鎮區,民族路二段//廣德街,群都NO.1,67,18.4,None
Taoyuan-city,蘆竹區,桃園街７１號,三奇六秀,48,18.4,None
Taoyuan-city,桃園區,樹仁三街１２７號,豪椰大鎮,68,18.4,None
Taoyuan-city,桃園區,南平路//天祥五街//新埔七街,竹城一期,138,18.4,None
Taoyuan-city,桃園區,莊敬路一段１５４號,長榮富豪,104,18.4,None
Taoyuan-city,中壢區,興仁路二段//永福路,鼎藏晶華2期,344,18.4,None
Taoyuan-city,蘆竹區,大新一街１２０號,群耀V1,115,18.4,None
Taoyuan-city,蘆竹區,大新三街//大福路,青川之丘,44,18.4,None
Taoyuan-city,八德區,金和路//大和路,歐洲學苑,414,18.4,None
Taoyuan-city,桃園區,江南十街７５巷２號,富貴花園,142,18.4,60
Taoyuan-city,蘆竹區,奉化路２２９號,宜誠皇家,85,18.4,48
Taoyuan-city,桃園區,寶山街//民有五街,青春美地,226,18.3,32
Taoyuan-city,桃園區,龍安街//國豐三街//國強十一街,竹城福岡,352,18.3,None
Taoyuan-city,中壢區,長興街８號,傳世國寶,283,18.3,None
Taoyuan-city,八德區,東勇街１１９號,環遊世界,223,18.3,32
Taoyuan-city,桃園區,桃鶯路３６２號,善美館,286,18.3,None
Taoyuan-city,桃園區,民富九街//大業路一段,桃園市樸石,73,18.3,None
Taoyuan-city,桃園區,寶慶路３０２號,百川綠晶,251,18.3,None
Taoyuan-city,八德區,和義二街//東勇街//和平路//和義街,金鼎,96,18.3,None
Taoyuan-city,中壢區,華愛街５１號,宜雄晶硯,59,18.3,None
Taoyuan-city,桃園區,同德十街９號,楓丹麗晶,48,18.3,None
Taoyuan-city,桃園區,宏昌七街//中山北路,麗寶春天,97,18.3,30
Taoyuan-city,桃園區,莊敬路一段//同安街,尊龍大地,189,18.3,53
Taoyuan-city,桃園區,建國路１８８之１號,美麗殿,38,18.3,52
Taoyuan-city,桃園區,民光東路１０８號,巴黎名門,75,18.2,26
Taoyuan-city,桃園區,宏昌十街//泰昌六街//宏昌十二街,GOLF,146,18.2,None
Taoyuan-city,蘆竹區,福祿一街２０６號,卡布奇諾,125,18.2,None
Taoyuan-city,八德區,和平路２７６巷９弄１號,皇家美墅,68,18.2,93
Taoyuan-city,中壢區,中園路３０號,冠世界,609,18.2,None
Taoyuan-city,中壢區,南園二路２６７號,鉑金苑,195,18.2,None
Taoyuan-city,桃園區,龍泉二街//龍城五街,新帝標,405,18.2,None
Taoyuan-city,桃園區,天祥七街２８號,經國龍邸,42,18.2,None
Taoyuan-city,平鎮區,貿一路//龍南路,龍岡新家,32,18.2,None
Taoyuan-city,蘆竹區,忠孝西路//奉化路//南順六街,星馳市,901,18.2,27
Taoyuan-city,蘆竹區,興仁路１８８號,水綠方,86,18.2,None
Taoyuan-city,蘆竹區,大新一街１２６號,育麒新象,21,18.2,None
Taoyuan-city,蘆竹區,大興十四街８５巷２號,大硯人文行館-東區,24,18.2,None
Taoyuan-city,八德區,介壽路一段１０６號,長堤維也納,94,18.2,52
Taoyuan-city,桃園區,寶山街１６３號,椰林書鄉,231,18.1,30
Taoyuan-city,桃園區,大有路４１９號,巴黎學院,102,18.1,38
Taoyuan-city,桃園區,國豐五街１３號,凱悅SMART,69,18.1,None
Taoyuan-city,蘆竹區,南順一街//奉化路,微風生活,371,18.1,None
Taoyuan-city,中壢區,文化二路//文化路//長春路,宜誠鼎峰,215,18.1,None
Taoyuan-city,中壢區,莊敬路//普騰街,振翔水悅,398,18.1,None
Taoyuan-city,桃園區,春日路８４８號,昇捷逸品,78,18.1,48
Taoyuan-city,中壢區,南園二路３５１號,王朝,46,18.1,None
Taoyuan-city,蘆竹區,南竹路二段３１７號,大清圓明園,61,18.1,185
Taoyuan-city,桃園區,樹仁三街８７巷１６號,美力城邦-新美館,84,18.1,None
Taoyuan-city,桃園區,民富十三街//民有十五街,大有仰森,104,18.1,None
Taoyuan-city,桃園區,衡陽二街８號,國際雙星,16,18.1,None
Taoyuan-city,桃園區,宏昌十一街１８號,縣府名第,60,18.1,None
Taoyuan-city,桃園區,大連四街１６號,璟都CASA,147,18.1,51
Taoyuan-city,蘆竹區,五福一路１７５號,人文學苑,94,18,None
Taoyuan-city,桃園區,大業路二段１１３號,朝陽,69,18,34
Taoyuan-city,蘆竹區,洛陽街１０７號,綠筆雅雅,94,18,None
Taoyuan-city,中壢區,福壽六街３號,竑門天止,69,18,None
Taoyuan-city,桃園區,新埔十街//天祥七街,蘋果村,273,18,None
Taoyuan-city,平鎮區,中正三路//中山路//忠貞路//龍江路,皇家經典,70,18,None
Taoyuan-city,桃園區,大興路１２０巷２１號,耀時代,95,18,None
Taoyuan-city,八德區,廣興二路６９號,麗寶大藝術家B,190,18,None
Taoyuan-city,蘆竹區,中興六街//中興路,禮御,100,18,None
Taoyuan-city,桃園區,中埔一街//健行路,豪門貴族二期,61,18,None
Taoyuan-city,桃園區,大連四街２８號,西華風采,59,18,37
Taoyuan-city,蘆竹區,中山路１２７號,狀元帝寶,220,17.9,44
Taoyuan-city,桃園區,春日路９１２號,RV生活館,211,17.9,21
Taoyuan-city,桃園區,國豐五街２６號,優秀賞,49,17.9,None
Taoyuan-city,桃園區,愛二街//中正五街//愛國街,合遠首藏,106,17.9,None
Taoyuan-city,桃園區,大有路６４６號,台北東京,603,17.9,32
Taoyuan-city,桃園區,經國路５５３號,康乃爾名邸,31,17.9,None
Taoyuan-city,平鎮區,龍江路//中正路//中正六路//中正五路//龍平路//忠貞路,凱悅別墅,236,17.9,None
Taoyuan-city,中壢區,龍川四街//龍和三街,恆正雅苑,30,17.9,None
Taoyuan-city,蘆竹區,新福街//大新路,寶欣樂GO+,134,17.9,None
Taoyuan-city,桃園區,三民路三段//中山路,富甲天下,132,17.9,None
Taoyuan-city,桃園區,漢中路１１０號,富堡學府,68,17.9,None
Taoyuan-city,中壢區,興平路//環北路,花園宮廷,98,17.9,40
Taoyuan-city,蘆竹區,中山路１５５號,晨市花都,72,17.8,None
Taoyuan-city,中壢區,正大街//五族二街//正光二街,宜誠高峰會,184,17.8,None
Taoyuan-city,平鎮區,廣明路５５號,元氣東京,130,17.8,None
Taoyuan-city,中壢區,溪洲三街//普義路,快樂頌,98,17.8,None
Taoyuan-city,桃園區,大同西路７５巷１號,大秀南玉,49,17.8,None
Taoyuan-city,桃園區,民富十七街２５號,百懿智慧家,120,17.8,21
Taoyuan-city,桃園區,福信街１５號,君悅,75,17.8,None
Taoyuan-city,桃園區,民有五街//民光東路,當代藝術,335,17.8,34
Taoyuan-city,平鎮區,貿東路//貿五路,長紅計劃-紅寶區,31,17.8,None
Taoyuan-city,八德區,廣興路//廣興一路,鵬程V1,64,17.8,None
Taoyuan-city,中壢區,龍川五街//後寮一路,華登經典No.3,26,17.8,None
Taoyuan-city,桃園區,經國路//天祥三街,全球家OK,323,17.8,24
Taoyuan-city,蘆竹區,福祿一街１９７號,薇閣皇家,143,17.7,None
Taoyuan-city,蘆竹區,福祿一街３４號,豪門世家,54,17.7,None
Taoyuan-city,桃園區,大業路二段２１４號,竹城金閣,146,17.7,33
Taoyuan-city,桃園區,中山北路//文康街,藝術雙星,72,17.7,None
Taoyuan-city,中壢區,五族二街//環西路//正明街,臻藝,220,17.7,None
Taoyuan-city,中壢區,文化二路２６８號,四季特區,68,17.7,None
Taoyuan-city,平鎮區,德育路二段７６巷２３號,天閱,188,17.7,None
Taoyuan-city,桃園區,大業路一段９１號,人本新觀,52,17.7,38
Taoyuan-city,桃園區,安慶街//寶慶路,台北桃源,621,17.7,30
Taoyuan-city,中壢區,長興街１５０巷２號,幸福一綻,170,17.7,None
Taoyuan-city,八德區,長興二路６１號,法樂琦,126,17.7,None
Taoyuan-city,桃園區,敬三街１８５號,寶佳名門,267,17.7,None
Taoyuan-city,桃園區,莊一街９０號,北都新廈,72,17.7,None
Taoyuan-city,桃園區,泰昌三街//宏昌七街//宏昌六街,園舞曲,105,17.7,37
Taoyuan-city,桃園區,國強十二街２巷１號,麒麟香榭,66,17.7,None
Taoyuan-city,八德區,廣隆街９９巷１號,新家坡5期,56,17.7,80
Taoyuan-city,蘆竹區,中山路１１７號,華馥公爵,98,17.6,None
Taoyuan-city,桃園區,大興西路一段//新埔五街,新四合苑,119,17.6,64
Taoyuan-city,桃園區,青田街//三和街,大來賞,287,17.6,35
Taoyuan-city,桃園區,國強一街//江南五街//江南四街,新北歐,258,17.6,54
Taoyuan-city,八德區,忠勇街//義勇街,阿拉丁,234,17.6,None
Taoyuan-city,平鎮區,龍德路１４１號,龍德狀元,44,17.6,None
Taoyuan-city,桃園區,中正路//莊二街,中正綠園邸,358,17.6,45
Taoyuan-city,桃園區,中正路７８２號,中正巨星,128,17.6,None
Taoyuan-city,中壢區,慈惠三街１１０號,皇家宮廷,76,17.6,None
Taoyuan-city,桃園區,宏昌八街//國聖一街,維也納A,168,17.6,35
Taoyuan-city,蘆竹區,中山路//長春路,太子地球村,397,17.6,34
Taoyuan-city,中壢區,環中東路//榮安一街,環中音樂季,407,17.5,None
Taoyuan-city,桃園區,國強一街２６０號,國強一街,165,17.5,None
Taoyuan-city,平鎮區,延平路二段４３０巷７９之１５號,崇義七賢,156,17.5,None
Taoyuan-city,中壢區,執信一街//生明街//林森路,北帝國五期,312,17.5,None
Taoyuan-city,桃園區,泰昌九街１２號,雙橡園,70,17.5,None
Taoyuan-city,桃園區,民有東路１８號,宜誠金品一期(珍珠區),92,17.5,None
Taoyuan-city,桃園區,民有五街//寶山街//民富十一街,寶山名邸,517,17.5,27
Taoyuan-city,桃園區,泰昌一街３５號,森活達人-日麗區,39,17.5,None
Taoyuan-city,桃園區,民光東路２６２號,青溪校園,125,17.5,30
Taoyuan-city,蘆竹區,六福路253號,中悅花廣,187,17.4,None
Taoyuan-city,桃園區,大業路二段//民富十七街,麗寶U生活,333,17.4,30
Taoyuan-city,蘆竹區,六福路１１６號,施華洛奇,102,17.4,None
Taoyuan-city,桃園區,永安北路３９４號,孔雀皇朝,409,17.4,None
Taoyuan-city,桃園區,中正三街３３０號,音悅琉璃,154,17.4,None
Taoyuan-city,桃園區,大業路二段１９６號,竹城橫濱,161,17.4,22
Taoyuan-city,桃園區,中山路７７５號,桃園大賞,279,17.4,None
Taoyuan-city,桃園區,宏昌十二街６６號,桃源吉第,68,17.4,None
Taoyuan-city,中壢區,中園路１５號,戀戀歐洲,104,17.4,None
Taoyuan-city,中壢區,普忠路４５１號,深耕1,63,17.4,73
Taoyuan-city,八德區,國豐五街//國豐一街//國豐街,榮耀之光,132,17.4,None
Taoyuan-city,平鎮區,廣泰路２３３號,易家大禾,76,17.4,None
Taoyuan-city,桃園區,福元街//民富三街,甜蜜蜜,182,17.4,None
Taoyuan-city,中壢區,華美一路２１號,深耕3,98,17.4,None
Taoyuan-city,蘆竹區,中山路１２５巷１號,宜誠香榭,86,17.3,None
Taoyuan-city,平鎮區,民族路二段//文化街,城市之光,254,17.3,None
Taoyuan-city,中壢區,長春三路//長春五路//吉林路//長春二路,宜誠登峰,248,17.3,None
Taoyuan-city,八德區,介壽路二段１３３巷９１號,都心悅,136,17.3,39
Taoyuan-city,蘆竹區,光明路一段６０巷１１號,甜綠綠,76,17.3,None
Taoyuan-city,中壢區,長樂五街//復華街,涵韻,68,17.3,None
Taoyuan-city,八德區,大興路１９１巷２１號,三本阿曼,126,17.3,None
Taoyuan-city,八德區,仁德一路４１號,泓瑞群英,207,17.3,None
Taoyuan-city,八德區,長興路６８號,佐公園,56,17.3,None
Taoyuan-city,蘆竹區,南福街１６１號,長榮168,62,17.3,None
Taoyuan-city,蘆竹區,大興一街１４６號,天馥,132,17.3,None
Taoyuan-city,蘆竹區,興福街//興中街,歐楓大郡二期,43,17.3,None
Taoyuan-city,桃園區,經國路//南平路,竹城企業家,114,17.2,25
Taoyuan-city,八德區,正福五街//正福二街,英橋典傳,59,17.2,44
Taoyuan-city,平鎮區,高雙路９５巷１號,麒麟香榭,83,17.2,None
Taoyuan-city,中壢區,民權路//義民路二段,民權大樓,110,17.2,33
Taoyuan-city,八德區,桃德路４４８號,LOVE7,118,17.2,None
Taoyuan-city,桃園區,大業路一段//民富二街,博市,222,17.2,33
Taoyuan-city,蘆竹區,南福街１７號,台北新領空,264,17.2,None
Taoyuan-city,八德區,建德路２６７號,新潤峰景苑,74,17.2,None
Taoyuan-city,八德區,廣興五街//長興一路,上築,44,17.2,None
Taoyuan-city,中壢區,華愛一街//華美一路,春天別墅,251,17.2,68
Taoyuan-city,蘆竹區,中山路２２號,文華新城,107,17.1,None
Taoyuan-city,桃園區,敬二街//莊敬路二段,國都花園,198,17.1,43
Taoyuan-city,八德區,忠勇三街//忠勇六街,臻旺,55,17.1,43
Taoyuan-city,平鎮區,復旦路三段３６巷３弄１號,寬坪美墅,140,17.1,None
Taoyuan-city,中壢區,榮民南路６５巷５２號,龍大莊,31,17.1,68
Taoyuan-city,八德區,豐吉路１２號,深耕9,206,17.1,None
Taoyuan-city,中壢區,新中北路二段//興仁路二段,凱悅春天,110,17.1,None
Taoyuan-city,八德區,中正一路//長興路,宏普之星,271,17.1,None
Taoyuan-city,蘆竹區,竹中街//上竹二街//上竹一街,崇祐誠諾貝爾,18,17.1,None
Taoyuan-city,中壢區,龍川五街１０８號,高誠富築,22,17.1,None
Taoyuan-city,桃園區,泰山街//中山路,縣府風華,187,17.1,26
Taoyuan-city,桃園區,經國路５８９號,經國與法國,249,17.1,None
Taoyuan-city,平鎮區,延平路二段２３９巷１５號,城上水美,184,17,None
Taoyuan-city,中壢區,長興街４６號,真諦,86,17,None
Taoyuan-city,平鎮區,貿一路//龍南路,長紅計劃-綠寶區,50,17,None
Taoyuan-city,蘆竹區,仁和街１１０號,微風花園慕夏區,74,17,None
Taoyuan-city,桃園區,文中路//國強十三街,波特曼,167,17,None
Taoyuan-city,桃園區,樹林九街６３號,公園臻品,243,17,34
Taoyuan-city,中壢區,環中東路//永福路,依莎城堡,134,17,27
Taoyuan-city,中壢區,中山東路三段５５號,太子天廈,390,17,None
Taoyuan-city,平鎮區,廣明路//忠孝路,順林桂冠,184,16.9,None
Taoyuan-city,中壢區,文化路３２５號,微風特區,72,16.9,None
Taoyuan-city,中壢區,金鋒四街５２號,太子鳳凰城B座,129,16.9,None
Taoyuan-city,桃園區,國豐六街//國強七街,宏國真愛D區,95,16.9,None
Taoyuan-city,桃園區,江南二街//上海路,上海新天地(二期),113,16.9,None
Taoyuan-city,桃園區,南平路６６號,雲觀大廈,121,16.9,None
Taoyuan-city,中壢區,長樂二街１７號,詠藏,200,16.9,None
Taoyuan-city,中壢區,興仁路二段６５０號,真愛美墅,147,16.9,None
Taoyuan-city,蘆竹區,奉化路８４號,大聯邦六七八期,611,16.9,None
Taoyuan-city,蘆竹區,南昌路//南福街,萬昌富貴,62,16.9,None
Taoyuan-city,蘆竹區,南昌路//南福街,大聯邦一期,106,16.9,None
Taoyuan-city,蘆竹區,大興十四街３１號,寶欣天廈,69,16.9,None
Taoyuan-city,蘆竹區,大新一街//興福街//上興路,蓋世堡,31,16.9,None
Taoyuan-city,桃園區,中山路８４９號,太平洋名人賞,211,16.9,None
Taoyuan-city,平鎮區,新德街//安平街//富貴街,璟都綠城市,146,16.8,None
Taoyuan-city,平鎮區,新富街//新富五街,河美御景,225,16.8,None
Taoyuan-city,平鎮區,中正三路//中正五路//忠貞路,鼎藏風華,58,16.8,None
Taoyuan-city,八德區,建德路//廣興一路,皇翔百老匯1期,198,16.8,None
Taoyuan-city,蘆竹區,大興路//大興四街,藏綠,91,16.8,None
Taoyuan-city,蘆竹區,南竹路五段２１０巷５５號,微風花園達利區,65,16.8,None
Taoyuan-city,桃園區,永安路４０１號,世界花園,260,16.8,None
Taoyuan-city,桃園區,國豐六街//文中路,總督府第五期A區,29,16.8,None
Taoyuan-city,桃園區,泰昌三街//宏昌十二街//宏昌十三街,麗晶公園,348,16.8,37
Taoyuan-city,平鎮區,延平路三段２號,巴黎春天,348,16.7,None
Taoyuan-city,中壢區,復華街２７６號,傳佳新上城,180,16.7,None
Taoyuan-city,中壢區,環西路二段３０２號,中壢新城,315,16.7,None
Taoyuan-city,中壢區,環中東路２４１號,環中SMART,196,16.7,None
Taoyuan-city,中壢區,金鋒四街５０巷２號,太子假期,250,16.7,None
Taoyuan-city,中壢區,中園路１８號,美麗歐洲,597,16.7,None
Taoyuan-city,桃園區,坤成街６１號,三圖狀元第,109,16.7,None
Taoyuan-city,中壢區,榮安一街３６１號,至尊別墅,26,16.7,None
Taoyuan-city,平鎮區,中正三路//龍江路//中正五路,中正大街,58,16.7,None
Taoyuan-city,中壢區,慈惠三街１２８號,凱撒宮廷,242,16.7,None
Taoyuan-city,中壢區,福安二街５０號,鶴之屋,60,16.7,None
Taoyuan-city,蘆竹區,長春路//中山路,統領台北,121,16.7,None
Taoyuan-city,桃園區,慈文路１３３巷１號,西華風采二期,40,16.7,48
Taoyuan-city,桃園區,春日路１１５７號,大塊文章,93,16.6,None
Taoyuan-city,中壢區,王子五街８號,慶豐麗園,29,16.6,None
Taoyuan-city,平鎮區,復旦路二段１５０巷２５５弄２３號,文化宮園,86,16.6,None
Taoyuan-city,桃園區,國信街９１號,夢公園,136,16.6,None
Taoyuan-city,中壢區,金鋒四街５１號,太子鳳凰城A座,119,16.6,None
Taoyuan-city,八德區,忠勇街//東勇街//義勇街,彩虹村,95,16.6,None
Taoyuan-city,桃園區,民有東路１９號,羅丹藝術家七期,134,16.6,None
Taoyuan-city,桃園區,龍泉一街１９號,達文西,110,16.6,None
Taoyuan-city,桃園區,民生路//正康三街,哈佛名門,274,16.6,None
Taoyuan-city,桃園區,大有路５４１號,羅丹二期,186,16.6,None
Taoyuan-city,平鎮區,貿三路//貿一路,長紅計劃-黃寶區,99,16.6,None
Taoyuan-city,八德區,建德路５００號,竹風鳳凰Ｉ,204,16.6,None
Taoyuan-city,桃園區,春日路１１５５號,東京貴族,249,16.6,None
Taoyuan-city,中壢區,福壽十一街２巷１號,琉森園,16,16.6,None
Taoyuan-city,桃園區,大連三街//大連四街,中正名人巷,130,16.6,39
Taoyuan-city,桃園區,樹仁三街９１號,龍鳳天地,129,16.6,None
Taoyuan-city,平鎮區,德育路二段１３８號,源美亞典,260,16.5,None
Taoyuan-city,桃園區,大興路３１８巷１號,樂滿帝,278,16.5,None
Taoyuan-city,蘆竹區,福祿一街３１號,五福名門,34,16.5,None
Taoyuan-city,桃園區,國際路一段//國聖一街,香格里拉,88,16.5,None
Taoyuan-city,中壢區,光明路一段//台貿一街//台貿二街//正義路//龍東路,京鑽,131,16.5,None
Taoyuan-city,桃園區,同安街５２９號,郭合豐大樓,35,16.5,None
Taoyuan-city,桃園區,寶慶路５０６號,日昇大道,242,16.5,None
Taoyuan-city,中壢區,三光路５８號,市說新語,50,16.4,None
Taoyuan-city,八德區,豐德路//豐田路,墨爾本,341,16.4,None
Taoyuan-city,八德區,瑞安街１１８之１號,易家謙悅,116,16.4,None
Taoyuan-city,桃園區,坤成街７９號,優家里,30,16.4,None
Taoyuan-city,蘆竹區,大興四街//大興八街//上興路//興仁路,宜誠領袖會館,255,16.4,None
Taoyuan-city,八德區,豐田一路１９號,閱美館,195,16.4,None
Taoyuan-city,桃園區,延壽街１２１之１０巷１７號,縣府LV,99,16.4,None
Taoyuan-city,八德區,正福二街１７號,元皇寬,89,16.3,34
Taoyuan-city,桃園區,樹仁三街１５巷１０１號,美力城邦-艾美館,78,16.3,None
Taoyuan-city,桃園區,中山路１３０８巷３２６號,鴻築微城市No1,7,16.3,None
Taoyuan-city,平鎮區,振平街２００號,里仁為美,138,16.2,None
Taoyuan-city,平鎮區,環南路三段１７３號,城市ＣＲＶ,313,16.2,None
Taoyuan-city,八德區,正福街//正福五街//正福三街,幸福有約,212,16.2,33
Taoyuan-city,八德區,正福街//正福二街//正福三街,慕夏,259,16.2,25
Taoyuan-city,中壢區,普忠路５７９巷１號,深耕二期-甲區,58,16.2,None
Taoyuan-city,桃園區,國豐三街//龍安街,青天花園,211,16.2,None
Taoyuan-city,桃園區,大業路一段５３號,愷悅假期,495,16.2,33
Taoyuan-city,中壢區,南園二路２９６巷１０號,麗朵,237,16.2,None
Taoyuan-city,蘆竹區,興中街１４０號,音悅桂冠,140,16.2,None
Taoyuan-city,八德區,仁德路//仁德一路//仁德二路,御藏,268,16.2,None
Taoyuan-city,中壢區,林森路９８號,中國龍,87,16.1,None
Taoyuan-city,蘆竹區,奉化路５６號,昇捷林園,175,16.1,37
Taoyuan-city,中壢區,正光二街//志廣路,龍騰御,64,16.1,49
Taoyuan-city,桃園區,龍鳳三街//國豐六街,宏國真愛E區,317,16.1,None
Taoyuan-city,桃園區,國強十三街//文中路,清庭,102,16.1,None
Taoyuan-city,中壢區,南園二路２５６號,和瑞捷星,201,16.1,None
Taoyuan-city,桃園區,莊敬路一段１８１巷２號,巴黎伯爵,364,16.1,None
Taoyuan-city,八德區,中正路//興豐路,高陞II,185,16.1,None
Taoyuan-city,八德區,廣興五街//廣興二路,公園大道,163,16.1,None
Taoyuan-city,桃園區,寶慶路３８４號,寶慶富家,71,16.1,None
Taoyuan-city,桃園區,敬三街１８６號,台北大版圖,158,16.1,None
Taoyuan-city,桃園區,縣府路２８８號,大華圓中園,176,16.1,None
Taoyuan-city,桃園區,國強十一街//國豐三街//龍安街,桃園之心,170,16.1,37
Taoyuan-city,平鎮區,廣德街２３２號,文學園,112,16,45
Taoyuan-city,桃園區,樹仁三街//榮華街,宜誠花園廣場,312,16,None
Taoyuan-city,蘆竹區,長春路６０號,綠色生活,225,16,None
Taoyuan-city,平鎮區,復旦路二段１５０巷２５７號,榕樹下,117,16,None
Taoyuan-city,中壢區,新中北路二段１７０巷５６號,天朵,225,16,None
Taoyuan-city,桃園區,國際路一段//中山路//吉昌街,冠桃園,885,16,None
Taoyuan-city,桃園區,大有路７５０號,翰林麗緻,187,16,None
Taoyuan-city,蘆竹區,光明路一段//洛陽街,新富地,141,16,None
Taoyuan-city,桃園區,龍泉六街１７２號,閱讀萊茵,143,16,None
Taoyuan-city,八德區,崁頂路１３８６巷１號,富墅A+家,17,16,None
Taoyuan-city,中壢區,龍昌路//龍東路,富旺新世紀,179,16,None
Taoyuan-city,桃園區,春日路１１１５號,航空VISA,204,16,None
Taoyuan-city,桃園區,敬三街２０９巷１號,天王星,194,16,31
Taoyuan-city,桃園區,大業路一段//民富一街,皇家花園1,93,16,66
Taoyuan-city,桃園區,民富一街８號,皇家花園2,66,16,45
Taoyuan-city,桃園區,慈光街１０１巷１２號,全家福,27,16,49
Taoyuan-city,中壢區,忠孝路//成章二街,愛琴海,374,15.9,None
Taoyuan-city,平鎮區,新富五街//新富一街,大觀苑,317,15.9,None
Taoyuan-city,桃園區,民富十一街３號,桃園市海山中國城,337,15.9,None
Taoyuan-city,桃園區,中平路９１號,登瑞新都,126,15.9,None
Taoyuan-city,桃園區,國豐六街２８號,宏國真愛B區,55,15.9,None
Taoyuan-city,中壢區,廣州路//大安街,東京都,55,15.9,None
Taoyuan-city,中壢區,龍川街９５號,亞文新村,27,15.9,None
Taoyuan-city,中壢區,後寮一路//龍川四街,晶曜,32,15.9,None
Taoyuan-city,八德區,廣興一路//廣興路,君邑莫札特,111,15.9,None
Taoyuan-city,八德區,豐德路//豐德一路//豐德二路,遠雄艾菲爾,362,15.9,None
Taoyuan-city,八德區,仁德二路１２號,逸極天地區,121,15.9,None
Taoyuan-city,中壢區,福安二街７２號,御園別墅-世紀三星NO.5,25,15.9,None
Taoyuan-city,桃園區,春日路６３４號,日和長虹,252,15.9,40
Taoyuan-city,桃園區,泰昌三街//宏昌六街//宏昌五街,生活大賞,83,15.9,None
Taoyuan-city,桃園區,天祥五街５７號,頤和園,207,15.9,58
Taoyuan-city,中壢區,長春五路//長春二路,愛上杜拜,219,15.8,None
Taoyuan-city,中壢區,興安一街//興仁路二段,新西華,237,15.8,None
Taoyuan-city,中壢區,元化路１６５巷５２號,將像,261,15.8,None
Taoyuan-city,桃園區,大有路５０２號,冠倫大國,922,15.8,None
Taoyuan-city,桃園區,泰昌八街//中平路//宏昌六街,藍天富貴,291,15.8,None
Taoyuan-city,桃園區,民有東路２６號,台北檳城(大有),314,15.8,None
Taoyuan-city,桃園區,龍泉一街//龍祥街,拉斐爾,113,15.8,None
Taoyuan-city,桃園區,龍城三街//龍泉二街,臻好,157,15.8,None
Taoyuan-city,桃園區,寶山街７６號,羅丹三期,108,15.8,None
Taoyuan-city,中壢區,南園二路２９６巷２１弄５０號,和瑞捷境,139,15.8,None
Taoyuan-city,中壢區,龍東路、台貿二街、台貿三街,北帝國璞石,120,15.8,None
Taoyuan-city,蘆竹區,南昌路２２號,大聯邦三期,97,15.8,None
Taoyuan-city,蘆竹區,大興九街２６號,品阜邑,21,15.8,None
Taoyuan-city,中壢區,百韜二街//生明街//林森路,北帝國三期,182,15.7,None
Taoyuan-city,桃園區,大明街５６巷１號,銘大御品苑,57,15.7,None
Taoyuan-city,八德區,和平路２７８號,世紀天廈,125,15.7,36
Taoyuan-city,蘆竹區,南昌路２號,台北領航家,233,15.7,None
Taoyuan-city,桃園區,龍祥街//龍泉六街,必富邑D區,152,15.7,None
Taoyuan-city,平鎮區,中正三路//中山路,遠雄龍岡NO1,354,15.7,None
Taoyuan-city,八德區,豐田一路//豐田路,美樹館,173,15.7,None
Taoyuan-city,蘆竹區,南順一街//奉化路,大聯邦二期,134,15.7,None
Taoyuan-city,蘆竹區,興中街//大興四街,大築A+,279,15.7,None
Taoyuan-city,蘆竹區,大竹路２８８巷１號,宜誠湖水岸,66,15.7,None
Taoyuan-city,中壢區,龍仁路５０號,淳品,98,15.7,None
Taoyuan-city,八德區,豐田三路７１號,涵悅,213,15.7,None
Taoyuan-city,桃園區,榮華街６４巷４０號,麗池香榭,178,15.6,None
Taoyuan-city,平鎮區,振平街１２０號,早安東京,150,15.6,None
Taoyuan-city,桃園區,樹仁三街１５巷７號,美力城邦-藝美館,73,15.6,None
Taoyuan-city,桃園區,大有路５５７號,長隆賓市,290,15.6,None
Taoyuan-city,中壢區,龍仁路３１號,益展詠富,101,15.6,None
Taoyuan-city,中壢區,華美三路２８１號,天郡,186,15.6,None
Taoyuan-city,蘆竹區,興中街//上興路,星光麗緻,276,15.6,None
Taoyuan-city,中壢區,榮安三街//榮安五街//榮安一街//榮安八街,統領大國別墅,102,15.6,None
Taoyuan-city,中壢區,環中東路２２６號,環中愛樂,213,15.6,45
Taoyuan-city,桃園區,國強一街２０２號,歡樂家庭,194,15.5,None
Taoyuan-city,桃園區,大興路２５１號,台北檳城(大興),150,15.5,None
Taoyuan-city,桃園區,宏昌六街//中平路,加蒂御林園,96,15.5,None
Taoyuan-city,桃園區,江南十街//國強一街//上海路,桃園新城,924,15.5,None
Taoyuan-city,蘆竹區,南順八街//南昌路,國際富市,146,15.5,None
Taoyuan-city,八德區,中華路３３號,輝煌世紀,218,15.5,None
Taoyuan-city,桃園區,國際路一段９８巷２８號,巴黎世家,242,15.5,None
Taoyuan-city,八德區,仁德路５０號,源美學,194,15.5,None
Taoyuan-city,八德區,中山路１３９號,雲觀,128,15.5,None
Taoyuan-city,蘆竹區,南山路一段１７號,電通市,1353,15.5,None
Taoyuan-city,平鎮區,復旦路二段１３０號,春園藝術廣場,123,15.4,None
Taoyuan-city,中壢區,自強一路３６號,亞爵麗緻,321,15.4,None
Taoyuan-city,桃園區,泰昌三街//宏昌十二街//宏昌十三街,童話世界,102,15.4,None
Taoyuan-city,桃園區,上海路１３３號,上海新天地,199,15.4,None
Taoyuan-city,平鎮區,延平路三段１０４巷１８８號,櫻花樸心匯,91,15.4,None
Taoyuan-city,中壢區,新中北路二段//華美一路,傳世御苑,105,15.4,None
Taoyuan-city,八德區,豐田三路９號,豐田大郡,271,15.4,None
Taoyuan-city,中壢區,龍慈路１０５號,花園城堡,172,15.4,None
Taoyuan-city,蘆竹區,上竹二街//大竹路//竹中街//上興路,宏邦桂冠,50,15.4,None
Taoyuan-city,中壢區,福州二街４２２號,緣鄉,54,15.4,None
Taoyuan-city,八德區,忠勇街//義勇街//東勇街,大漢愛鄉,160,15.4,None
Taoyuan-city,平鎮區,延平路二段４３０巷５３號,樺昇麗池,198,15.3,None
Taoyuan-city,中壢區,中山東路三段２８５號,臻品,174,15.3,None
Taoyuan-city,桃園區,國豐六街//龍鳳三街//國強六街,宏國真愛C區,130,15.3,None
Taoyuan-city,八德區,大忠街１１０號,春虹精品,45,15.3,None
Taoyuan-city,中壢區,長春路９６號,陸江京華,207,15.3,None
Taoyuan-city,桃園區,中平路//宏昌六街//泰昌七街,中泰宏園,337,15.3,None
Taoyuan-city,桃園區,壽昌街２０巷１９號,向日葵,223,15.3,None
Taoyuan-city,桃園區,向善街１９號,君臨天下,204,15.3,None
Taoyuan-city,蘆竹區,大新二街//大興十四街//新福街,喜悅,42,15.3,None
Taoyuan-city,蘆竹區,長壽二街//長春路,冠倫台北(文昌區),352,15.2,None
Taoyuan-city,八德區,義勇街１２８號,愛的世界,252,15.2,34
Taoyuan-city,中壢區,龍岡路三段１１５巷６５弄７號,璽悅,117,15.2,43
Taoyuan-city,中壢區,仁德五街//仁德八街,臻第,221,15.2,None
Taoyuan-city,蘆竹區,愛山街１號,英橋帝景,73,15.2,None
Taoyuan-city,桃園區,龍泉六街５８號,必富邑G區,107,15.2,None
Taoyuan-city,八德區,中正路//興豐路,高陞Ｉ,244,15.2,None
Taoyuan-city,八德區,豐田一路１２８號,雲鼎No.01,33,15.2,None
Taoyuan-city,蘆竹區,中興五街//興福街//上興路,桃園大族,48,15.2,None
Taoyuan-city,平鎮區,中正三路//中山路,遠雄龍岡NO2,357,15.1,None
Taoyuan-city,蘆竹區,大興三街//中興六街,天淳,62,15.1,None
Taoyuan-city,八德區,仁德一路１２５號,竹風鳳凰Ⅱ,110,15.1,None
Taoyuan-city,中壢區,榮安一街１９８號,元智E生活,212,15.1,30
Taoyuan-city,八德區,大勤街６號,藝墅天地,319,15,52
Taoyuan-city,中壢區,福安二街//福州二街,雅緻名園二期,110,15,None
Taoyuan-city,蘆竹區,六福路２７６號,香格里拉,120,15,None
Taoyuan-city,八德區,義勇街//東勇街,大成龍門,396,15,None
Taoyuan-city,桃園區,中平路１４２號,市中星,64,15,None
Taoyuan-city,桃園區,國鼎一街//國際路一段,國際京城,496,15,None
Taoyuan-city,桃園區,國際路二段１３０號,歡喜百年,349,15,None
Taoyuan-city,中壢區,南園二路３３６號,新都廷,85,15,None
Taoyuan-city,桃園區,龍鳳三街６５巷１５號,宏國真愛F區,82,15,None
Taoyuan-city,龜山區,建國東路//山鶯路,臻愛家,234,15,None
Taoyuan-city,中壢區,榮安十三街１８７號,優PARK,241,15,27
Taoyuan-city,平鎮區,延平路二段２５號,時代廣場,281,14.9,None
Taoyuan-city,平鎮區,復旦路二段１１７巷７弄７號,長堤康橋,49,14.9,None
Taoyuan-city,中壢區,榮安十三街//榮安七街,心動二期,186,14.9,None
Taoyuan-city,中壢區,永福路６６８號,青春物語,103,14.9,None
Taoyuan-city,八德區,高城八街６１號,大利市,122,14.9,None
Taoyuan-city,中壢區,仁福五街//同慶路//仁福四街,湖映左岸,280,14.9,None
Taoyuan-city,八德區,福國北街//四維路//仁愛街,國鐵新鑽,174,14.9,30
Taoyuan-city,中壢區,成章一街//福德路//成章四街,鴻福大街,352,14.9,None
Taoyuan-city,中壢區,長春路２６３號,飛躍21,262,14.9,None
Taoyuan-city,蘆竹區,六福路１５７號,鵬程萬里,390,14.9,None
Taoyuan-city,中壢區,龍東路２５５巷１６５號,富旺新世界,93,14.9,None
Taoyuan-city,桃園區,大有路１４６號,伊勢丹,174,14.9,None
Taoyuan-city,中壢區,福星七街//福州一街,四季庭園,194,14.9,None
Taoyuan-city,中壢區,新明路１５７號,智勝天廈,114,14.8,None
Taoyuan-city,桃園區,龍城六街１２號,宜誠爵士悅,152,14.8,None
Taoyuan-city,蘆竹區,光復路１４６號,世外桃源,149,14.8,None
Taoyuan-city,桃園區,民有東路//大有路,大台北都會城,106,14.8,None
Taoyuan-city,中壢區,環中東路二段//福州路,北帝國觀天,484,14.8,None
Taoyuan-city,八德區,介壽路二段４９０巷１４號,新家坡6期,56,14.8,None
Taoyuan-city,蘆竹區,六福路//五福村,統帥清境,143,14.8,None
Taoyuan-city,蘆竹區,奉化路１０６號,大聯邦五期,322,14.8,None
Taoyuan-city,八德區,高城八街//高城六街,京站,564,14.7,None
Taoyuan-city,桃園區,泰昌九街//泰昌三街,全家福,61,14.7,None
Taoyuan-city,蘆竹區,光明路一段２號,金富麗二期,65,14.7,None
Taoyuan-city,桃園區,民有六街//大有路,中日西武,302,14.7,None
Taoyuan-city,桃園區,龍祥街//龍泉五街//龍泉三街,必富邑F區,160,14.7,None
Taoyuan-city,中壢區,龍昌路５２６號,心巢,76,14.7,None
Taoyuan-city,平鎮區,中豐路山頂段３號,宜誠四季,186,14.7,None
Taoyuan-city,桃園區,泰昌二街//宏昌六街,喜來登,65,14.7,None
Taoyuan-city,中壢區,南園二路３５８巷１號,北帝國官邸,25,14.7,40
Taoyuan-city,中壢區,榮安三街//榮安十三街,大衛營,207,14.7,30
Taoyuan-city,中壢區,富村街//莊敬路//富裕街,大學市一期,232,14.6,None
Taoyuan-city,中壢區,華美一路//仁德四街,典藏依莎,135,14.6,None
Taoyuan-city,中壢區,龍興路//龍智路,囍來登,186,14.6,None
Taoyuan-city,八德區,中華路２９２號,桃園居易,558,14.6,None
Taoyuan-city,八德區,豐田路２８１號,成家美地,114,14.6,None
Taoyuan-city,八德區,仁德路８３號,時尚BOBO,70,14.6,None
Taoyuan-city,蘆竹區,南竹路五段２２４巷５９號,微風花園莫內區,45,14.6,None
Taoyuan-city,平鎮區,中豐路２２８號,現代之藝,118,14.5,None
Taoyuan-city,桃園區,大有路６３０號,公園都市,317,14.5,None
Taoyuan-city,平鎮區,新富街７２號,公園麗景,243,14.5,None
Taoyuan-city,中壢區,長春路２５５號,輝煌年代,180,14.5,None
Taoyuan-city,桃園區,龍祥街５０號,龍之鄉,258,14.5,None
Taoyuan-city,八德區,介壽路一段１６巷３６號,國泰森林公園,245,14.5,38
Taoyuan-city,桃園區,大豐路５０號,百年富邑,112,14.5,51
Taoyuan-city,八德區,銀和街１號,力霸倫敦城,1493,14.5,46
Taoyuan-city,中壢區,環北路７１號,星廈,49,14.4,None
Taoyuan-city,八德區,忠勇街２１４號,大漢新台北,280,14.4,32
Taoyuan-city,桃園區,泰昌一街６０號,星洲,76,14.4,None
Taoyuan-city,平鎮區,金陵路三段７２巷１弄２號,新光花木釀宅,104,14.4,None
Taoyuan-city,平鎮區,忠孝路１７９巷１５號,鎮金堡別墅,45,14.3,None
Taoyuan-city,中壢區,金鋒五街//普慶路,太子夏綠第,169,14.3,None
Taoyuan-city,中壢區,富村街//莊敬路,好機會,249,14.3,None
Taoyuan-city,桃園區,中山路１２１６巷１２６號,文森麗池-椰林特區,83,14.3,None
Taoyuan-city,八德區,豐田五街２號,逸極朗闊,50,14.3,None
Taoyuan-city,中壢區,福州二街４４３號,金順名園,164,14.3,None
Taoyuan-city,桃園區,國強六街//龍鳳三街,幸福社區,97,14.2,None
Taoyuan-city,八德區,永福西街３號,三元及第,170,14.2,None
Taoyuan-city,八德區,廣興二路//廣興路,時代園邸,135,14.2,None
Taoyuan-city,八德區,東勇街５７號,台北富達-A區,157,14.2,None
Taoyuan-city,中壢區,福星六街//福星三街,世紀三星NO.2,173,14.2,None
Taoyuan-city,八德區,豐田一路３０號,高誠首耀,46,14.2,None
Taoyuan-city,中壢區,後寮二路//龍昌路,優活21,175,14.1,None
Taoyuan-city,桃園區,民光東路８１號,有伴生活,216,14.1,None
Taoyuan-city,中壢區,長樂四街//長樂三街,家美立體別墅,157,14.1,None
Taoyuan-city,桃園區,龍城二街//龍泉五街//龍祥街,必富邑C區,201,14.1,None
Taoyuan-city,桃園區,中山路１３０８巷２６１號,縣府清境,168,14.1,None
Taoyuan-city,桃園區,民有六街//民光東路,朝日之屋,99,14.1,None
Taoyuan-city,桃園區,大有路１６５號,加茂景觀,233,14,32
Taoyuan-city,桃園區,龍城二街//龍泉六街,必富邑B區,146,14,None
Taoyuan-city,桃園區,宏昌六街１２５號,開喜人生,60,14,None
Taoyuan-city,蘆竹區,上興路３６５號,四季villa,116,14,None
Taoyuan-city,八德區,介壽路一段１６巷７１號,國泰新都A,94,14,50
Taoyuan-city,平鎮區,環南路三段１２３號,當代米羅,115,13.9,None
Taoyuan-city,桃園區,大有路６６０號,鳳凰城,275,13.9,None
Taoyuan-city,大溪區,介壽路//僑愛一街,雲仰,103,13.9,None
Taoyuan-city,中壢區,福壽一街//福壽二街,麗都花園廣場,81,13.9,None
Taoyuan-city,蘆竹區,光明路二段１０號,海涵,73,13.9,53
Taoyuan-city,桃園區,三民路三段１８０號,富國天廈,122,13.8,None
Taoyuan-city,平鎮區,延平路二段//崇義五街//崇義六街,金賞社區,72,13.8,None
Taoyuan-city,中壢區,後寮二路//龍昌路//龍川三街,麗寶麗池,329,13.8,None
Taoyuan-city,中壢區,龍川四街３５號,優活賞,159,13.8,None
Taoyuan-city,中壢區,後興路一段//龍安五街,元邦華府,490,13.8,None
Taoyuan-city,桃園區,中平路７７巷２０號,吾家麗,163,13.8,None
Taoyuan-city,中壢區,龍岡路三段１１５巷６５弄５１號,天裔,113,13.8,65
Taoyuan-city,八德區,中正路６號,貝森朵芙,189,13.8,None
Taoyuan-city,桃園區,泰昌十街２號,富豪林園,196,13.8,None
Taoyuan-city,八德區,陸光街５０巷８號,陸光四村,1883,13.8,42
Taoyuan-city,平鎮區,環南路二段//新富五街,新壢花園廣場,247,13.7,None
Taoyuan-city,中壢區,白馬莊１２０號,白馬皇族,66,13.7,None
Taoyuan-city,中壢區,金山街２３巷１號,美麗家園,119,13.7,None
Taoyuan-city,中壢區,後寮二路//龍昌路,麗寶smart,309,13.7,None
Taoyuan-city,八德區,興豐路３６８號,英僑領袖,67,13.7,None
Taoyuan-city,蘆竹區,大新三街//大興十四街//新福街,歐鄉別墅,44,13.7,None
Taoyuan-city,平鎮區,新富五街//新富街,寶成皇家,414,13.6,None
Taoyuan-city,中壢區,富村街//莊敬路//富裕街,大學市二期,266,13.6,None
Taoyuan-city,八德區,東勇街７號,台北萬寶鎮-A區,176,13.6,29
Taoyuan-city,桃園區,永福西街//桃德路,田園北京(桃園),185,13.6,None
Taoyuan-city,中壢區,福州二街４９６號,京華園,55,13.6,None
Taoyuan-city,平鎮區,環南路二段//新富五街,領袖王朝,267,13.5,None
Taoyuan-city,中壢區,自忠街２１號,薔薇廣場大廈,72,13.5,None
Taoyuan-city,中壢區,永福路９２６號,雅硯,54,13.5,None
Taoyuan-city,平鎮區,龍平路//貿三路//中正一路//貿一路,長紅計劃-香榭特區+金鑽區,176,13.5,None
Taoyuan-city,中壢區,中華路二段３３０號,香格里拉,322,13.5,None
Taoyuan-city,中壢區,廣州路//嘉興街,日安天下,184,13.4,None
Taoyuan-city,中壢區,華美一路６號,E吉邦,295,13.4,None
Taoyuan-city,平鎮區,中豐路//新富二街,英雄鎮,532,13.4,None
Taoyuan-city,平鎮區,廣泰路３００巷６號,陸江誠邑,86,13.4,None
Taoyuan-city,平鎮區,文化街２６號,甲天廈,253,13.4,None
Taoyuan-city,桃園區,寶山街１２號,羅丹四期,99,13.4,None
Taoyuan-city,桃園區,寶山街//民有十五街,羅丹五期,44,13.4,None
Taoyuan-city,桃園區,龍城二街//龍泉六街,必富邑A區,58,13.4,None
Taoyuan-city,中壢區,環中東路//榮安十二街,環東大街,199,13.3,None
Taoyuan-city,中壢區,龍慈路//後寮一路//龍和一街,太子國際村,606,13.3,None
Taoyuan-city,桃園區,大有路２０６號,都市生活,247,13.3,None
Taoyuan-city,中壢區,環中東路//陸光一街,陸光國宅B區,108,13.3,None
Taoyuan-city,中壢區,光明路二段//正義路//台貿三街//龍東路,仰涵觀止,156,13.3,None
Taoyuan-city,中壢區,林森路１１號,林森國小華廈,48,13.3,None
Taoyuan-city,中壢區,福壽九街//福州一街//福星六街,故鄉儷景,99,13.3,None
Taoyuan-city,蘆竹區,仁愛路三段//五福村,綠景別墅,91,13.3,None
Taoyuan-city,中壢區,榮安一街//莊敬路,健康城市,206,13.2,None
Taoyuan-city,桃園區,民富九街７６號,都會名廈,175,13.2,None
Taoyuan-city,中壢區,福星七街１８號,美麗國,30,13.2,None
Taoyuan-city,中壢區,興安一街３６號,元智大富翁,207,13.1,None
Taoyuan-city,桃園區,中山路１２１６巷９０號,文森麗池-綠光大道,157,13.1,None
Taoyuan-city,中壢區,福安二街//福州二街,世紀三星NO.3,139,13.1,None
Taoyuan-city,中壢區,福星七街//福星三街,福源名第,36,13.1,None
Taoyuan-city,中壢區,後寮一路//龍和一街,太子國寶,277,13,None
Taoyuan-city,中壢區,精忠二街//永強街,精忠國宅F區,389,13,None
Taoyuan-city,中壢區,仁福三街//同慶路,富甲尊爵,187,13,None
Taoyuan-city,平鎮區,金陵路三段７４號,金陵華城,134,13,None
Taoyuan-city,中壢區,自忠街７８號,香榭花園大廈,64,12.9,None
Taoyuan-city,桃園區,同安街２５號,尚林花園廣場,54,12.9,None
Taoyuan-city,中壢區,精忠三街１號,精忠國宅I區,48,12.9,None
Taoyuan-city,中壢區,環中東路//陸光一街,陸光國宅A區,225,12.9,None
Taoyuan-city,中壢區,陸光一街２２號,陸光國宅C區,55,12.9,None
Taoyuan-city,桃園區,中山路４２７號,通商大樓-中山,107,12.9,None
Taoyuan-city,中壢區,永福路９５９號,大學校園,428,12.9,None
Taoyuan-city,八德區,和平路２２０號,大地富都,195,12.7,54
Taoyuan-city,中壢區,仁美二街８８巷１號,中壢我家,266,12.7,None
Taoyuan-city,桃園區,民安路//中正路//民生路,百年皇宮,207,12.6,None
Taoyuan-city,平鎮區,明德北路//廣明路,翡翠宮廷,447,12.6,None
Taoyuan-city,中壢區,精忠一街//精忠二街//永強街,精忠國宅H區,159,12.6,None
Taoyuan-city,平鎮區,龍德路１３１號,龍之鄉,29,12.6,None
Taoyuan-city,八德區,中華北街//中華路//國強二街,極品,154,12.5,None
Taoyuan-city,中壢區,榮安十三街２６２號,大江南北,263,12.4,None
Taoyuan-city,桃園區,龍泉五街４１號,必富邑E區,39,12.4,None
Taoyuan-city,八德區,建國路１４３號,有誠意小鎮/陽光麗庭,420,12.4,None
Taoyuan-city,中壢區,仁美二街１６號,中山京華,83,12.4,None
Taoyuan-city,中壢區,西園路６號,曦園,288,12.3,None
Taoyuan-city,中壢區,龍和一街//龍和二街//後寮一路,太子鎮,528,12.3,None
Taoyuan-city,桃園區,泰昌一街４９號,合家歡,42,12.3,None
Taoyuan-city,中壢區,龍東路６６之１號,龍岡城,178,12.3,None
Taoyuan-city,中壢區,精忠二街１號,精忠國宅G區,179,12.2,None
Taoyuan-city,中壢區,陸光六街//陸光五街,陸光國宅E區,219,12.2,None
Taoyuan-city,中壢區,仁福四街//同慶路,科學家,263,12.2,None
Taoyuan-city,中壢區,仁福五街//仁福四街,天賜良園,128,12.2,None
Taoyuan-city,中壢區,福州一街２４６號,花與綠,79,12.2,None
Taoyuan-city,中壢區,永福路//自立二街,住定龍城,49,12.1,None
Taoyuan-city,中壢區,同慶路３４８號,富麗前程,245,12,None
Taoyuan-city,平鎮區,新富三街//新富四街//新富二街,中壢新象,269,12,None
Taoyuan-city,中壢區,榮安十五街７５巷１號,連都1期,158,12,None
Taoyuan-city,中壢區,自立五街//永福路,自立國宅,2311,11.9,None
Taoyuan-city,平鎮區,新富一街//新富三街,美麗星城,296,11.7,None
Taoyuan-city,中壢區,榮安十五街７７號,連都2期,183,11.5,None
Taoyuan-city,中壢區,永福路６４２號,連都3期,175,11.5,None
Taoyuan-city,中壢區,龍川街１９號,福星大第,85,11.5,None
Taoyuan-city,八德區,重慶街//和平路,大地庭園,157,11.4,None
Taoyuan-city,平鎮區,環南路二段１８１號,白金漢宮,154,11.3,None
Taoyuan-city,中壢區,榮安一街//榮安三街,統領大國,48,11.3,None
Taoyuan-city,中壢區,陸光一街//陸光五街,陸光國宅D區,197,11,None
Taoyuan-city,八德區,竹興街//長興路,百年里昂,192,10.9,None
Taoyuan-city,中壢區,龍和一街//龍和二街//龍和三街,太子盛世,309,10.7,None
Taoyuan-city,中壢區,榮民南路//同慶路,萬寶龍,62,10.5,None
Taoyuan-city,中壢區,福州一街//褔州一街//福星七街,金玉滿堂,85,9.8,None
Taoyuan-city,None,南福街８４之２號,新光花園別墅,26,None,None
Taoyuan-city,None,光明路二段２５８號,京華逸墅,22,None,None
Taoyuan-city,桃園區,建新街//昆明路//建國路,地鐵名店,155,None,None
Taoyuan-city,None,永安北路２８４號,中正美墅,30,None,76
Taoyuan-city,None,新埔七街//同安街,真鑽,56,None,31
Taoyuan-city,None,莊二街//中正路,大睦澄舍,33,None,52
Taoyuan-city,龜山區,文昌三街//文昌一街,特利屋NO.1,63,None,40
Taoyuan-city,None,復旦路二段１５０巷２５１弄１號,永冠天廈,41,None,55
Taoyuan-city,None,崇義三街１號,武田居易,53,None,75
Taoyuan-city,None,廣泰路２１０巷２弄７９號,翰林書苑,22,None,75
Taoyuan-city,None,保羅街６２號,陽明公園,91,None,40
Taoyuan-city,None,復興二路//文昌五街,特利屋NO.2,58,None,None
Taoyuan-city,None,忠五路//中山北路,豪門世家,17,None,None
Taoyuan-city,平鎮區,廣泰路２７１號,純學墅,49,None,None
Taoyuan-city,None,復旦路二段１３１巷１４弄２３號,復旦雅苑,31,None,75
Taoyuan-city,None,廣明路//忠孝路,敦品,44,None,None
Taoyuan-city,None,民族路二段１９３巷１５弄２２號,懷石尊邸,32,None,75
Taoyuan-city,None,民族路二段１９３巷１５弄２１號,澤苑聖宅NO.6,16,None,75
Taoyuan-city,None,正光二街１號,城岩尊邸,24,None,None
Taoyuan-city,None,大義街//福豐南街,綠意達人,18,None,71
Taoyuan-city,None,南順一街２巷２號,龍天下,36,None,34
Taoyuan-city,None,民族路二段１９３巷６號,群都NO.2,24,None,None
Taoyuan-city,None,正福街１５２號,樸石秀墅,38,None,None
Taoyuan-city,None,中園路５１號,友禪別墅,33,None,None
Taoyuan-city,None,永樂路//中和路,站前首璽,47,None,None
Taoyuan-city,None,興華街//廣泰路,翰林書苑NO.2,26,None,None
Taoyuan-city,None,高雙路３２號,(典藏)馥園,58,None,None
Taoyuan-city,None,文化街９０巷８弄２號,文化帝寶,30,None,None
Taoyuan-city,None,福祿一街１８７巷５號,藝墅天地,52,None,None
Taoyuan-city,None,忠勇街３３９號,校園新墅,8,None,None
Taoyuan-city,龜山區,文化二路３４巷１４弄８號,九揚天下,94,None,None
Taoyuan-city,桃園區,大豐路６８巷６弄１號,百年溫莎,142,None,None
Taoyuan-city,None,宏昌一街１９號,當代名門,47,None,None
Taoyuan-city,None,泰昌七街８０號,誠品A+,42,None,None
Taoyuan-city,None,光復路１３０巷３號,錦興雅築,36,None,None
Taoyuan-city,中壢區,華美一路２２３號,葉綠墅,66,None,61
Taoyuan-city,None,長壽三街８號,金登堡花園別墅,17,None,None
Taoyuan-city,None,坤成街９１號,桃鼎典藏家,46,None,None
Taoyuan-city,None,強國路９５號,羅浮宮,11,None,None
Taoyuan-city,None,富村街６５號,慕夏,29,None,None
Taoyuan-city,None,永福西街１１２巷１０號,田園北京(八德),13,None,None
Taoyuan-city,桃園區,國強七街１０６號,宏國真愛A區,27,None,None
Taoyuan-city,None,上海路２２０號,上海新天地(雙子座),32,None,None
Taoyuan-city,None,同安街３７號,登寶名廈,36,None,None
Taoyuan-city,None,同安街//新埔七街,竹城二期,38,None,None
Taoyuan-city,None,振興路１６號,傳世經典,22,None,None
Taoyuan-city,None,泰昌一街３０號,森活達人-風和區,39,None,None
Taoyuan-city,中壢區,長春路１１８號,櫻花里,38,None,None
Taoyuan-city,None,泰昌九街３６號,和瑞大安,104,None,None
Taoyuan-city,中壢區,龍文街１３５號,墅之境,30,None,None
Taoyuan-city,None,龍川街１０５號,大吉利,28,None,None
Taoyuan-city,None,貿一路１５８號,長紅計劃-藍寶區,72,None,None
Taoyuan-city,None,廣泰路２１０巷２弄１號,甲子園,39,None,None
Taoyuan-city,None,民權路三段１２２巷２號,莊稼園A,18,None,None
Taoyuan-city,None,民權路三段７５巷２弄２１號,莊稼園B,27,None,None
Taoyuan-city,None,民權路三段１５巷３６號,三閱院,15,None,None
Taoyuan-city,None,民權路１３６號,捷運金鑽,20,None,None
Taoyuan-city,None,榮安十三街//榮安三街//榮安七街//榮安五街,歐洲世紀,111,None,None
Taoyuan-city,龜山區,文興路３０號,德興A8+,72,None,None
Taoyuan-city,None,文東五街７８號,海德公園,36,None,None
Taoyuan-city,None,豐田二路３５號,涵碧園,6,None,None
Taoyuan-city,None,春日路//民有十一街,帝堡,30,None,None
Taoyuan-city,None,南福街２３９號,昀真諾貝爾,8,None,None
Taoyuan-city,None,南竹路一段１５８號,將門名邸,13,None,None
Taoyuan-city,None,中正路１０９巷５６號,水悅琉璃,8,None,None
Taoyuan-city,None,中正路１０９巷３３號,漢宮名園,12,None,None
Taoyuan-city,None,大新五街１０巷１號,松柏雅築,8,None,None
Taoyuan-city,None,愛國一路//南竹路五段,元昌臻園,23,None,None
Taoyuan-city,蘆竹區,中華街//愛國一路//南竹路五段,元昌皇冠,41,None,None
Taoyuan-city,None,明德街３１號,禾興松月,11,None,None
Taoyuan-city,None,興福街２號,帝寶江山,7,None,None
Taoyuan-city,None,大興十一街４７號,綠堤名園,14,None,None
Taoyuan-city,None,興仁路１巷２號,璽寶一期,23,None,None
Taoyuan-city,蘆竹區,豪登一街//大新一街,豪登堡,22,None,None
Taoyuan-city,None,大新三街１０５號,八見,7,None,None
Taoyuan-city,None,大興路２８３號,漢豐金鑽,6,None,None
Taoyuan-city,None,大興一街３０１號,御之園,4,None,None
Taoyuan-city,None,中興四街２巷２２號,蘇荷庭院,14,None,None
Taoyuan-city,None,中興五街２０１號,旭發御璽,6,None,None
Taoyuan-city,None,上興路１８７巷３５號,謙成富田,4,None,None
Taoyuan-city,None,大新五街//大興十四街,皇室貴族,8,None,None
Taoyuan-city,None,大興十四街//大新四街,普羅旺斯1,10,None,None
Taoyuan-city,None,興仁路５巷１６號,元昌凱悅,6,None,None
Taoyuan-city,None,福星三街//福星六街,福星晶華,14,None,None
Taoyuan-city,None,福州二街３５１號,慶澤居,25,None,None
Taoyuan-city,None,大新三街６９巷１１號,普羅旺斯2,9,None,None
Taoyuan-city,None,上竹二街//竹中街,普羅旺斯3,8,None,None
Taoyuan-city,None,莊二街２３２號,澤苑聖宅No.10,4,None,50
Taoyuan-city,None,永安北路３８１巷５號,大清敦品,12,None,None
Taoyuan-city,None,新埔八街５３號,福華豪邸,27,None,None
Taoyuan-city,None,宏昌一街２０號,郭合豐大樓,24,None,None
Taoyuan-city,None,宏昌六街１２６號,書香園,55,None,None
Taoyuan-city,None,泰昌九街１１號,笙園水鏡,38,None,None
Taoyuan-city,None,莊二街２３０號,天群,14,None,94
Taoyuan-city,None,莊二街９５號,中正晶華,23,None,76
Taoyuan-city,None,莊二街//敬二街,德友築跡,40,None,None
Taoyuan-city,桃園區,莊一街１１０號,中正麗園,21,None,None
Taoyuan-city,None,寶慶路５５２之１號,南方庭園,47,None,None
Taoyuan-city,None,寶慶路４９８號,中正翡翠園林,19,None,None
Taoyuan-city,None,中埔一街//同德十街,中正愛家-A區,78,None,None
Taoyuan-city,None,文化二路３４巷１４弄２號,林口大鎮-二期,48,None,None
Taoyuan-city,龜山區,文化一路１０巷４１弄１號,瑞士花園-C區,14,None,None
Taoyuan-city,None,文化一路//復興北路,瑞士花園-E區,8,None,None
Taoyuan-city,None,文昌一街//復興北路,瑞士花園-F區,20,None,None
Taoyuan-city,None,復興北路４６號,瑞士花園-G區,14,None,None
Taoyuan-city,None,中山北路２３０號,中悅捷寶柏悅,30,None,None
Taoyuan-city,None,福安二街６號,楓丹花墅,26,None,None
Taoyuan-city,None,民安路１０２號,藝術皇廷,30,None,None
Taoyuan-city,None,國豐六街５０號,文學苑,43,None,69
Taoyuan-city,None,仁愛路４２號,愛荷華,57,None,None
Taoyuan-city,None,建國路４３號,尊品,51,None,75
Taoyuan-city,桃園區,樹林八街//大豐路,理想家,65,None,None
Taoyuan-city,None,介壽路一段６４５巷１０弄２５號,綠意春天,50,None,70
Taoyuan-city,None,吉林路３１號,宜誠雅居,44,None,None
Taoyuan-city,None,福祿一街//五福六路,南崁薇閣,105,None,34
Taoyuan-city,桃園區,永順街８３巷２７弄１號,天下一家,22,None,92
Taoyuan-city,None,愛三街１３１號,長堤臻品,40,None,39
Taoyuan-city,None,莊敬路//陸光五街,澤苑聖宅No.5,44,None,None
Taoyuan-city,None,桂林街２２巷１號,桂林街別墅,20,None,67
Taoyuan-city,None,南順一街３６號,蘭亭序,59,None,127
