Taichung-city,西屯區,市政北六路１６６號,寶輝秋紅谷,146,72.9,165
Taichung-city,西屯區,市政路２８號,龍寶謙臻邸,53,59.5,None
Taichung-city,西屯區,市政北二路６１號,寶輝花園廣場,77,59.5,157
Taichung-city,西屯區,市政北六路１６號,寶輝一品,105,53.9,None
Taichung-city,西屯區,市政南一路２５８號,陸府植森,72,50.5,None
Taichung-city,西屯區,市政路２５號,聯聚保和,68,49.7,None
Taichung-city,西屯區,市政北一路９８號,聯聚泰和,46,47.4,None
Taichung-city,西屯區,市政北一路２５８號,聯聚理仁,103,45.7,123
Taichung-city,南屯區,大正街//大墩十四街,雙橡園V1,101,45,None
Taichung-city,西屯區,市政北三路１４１號,龍寶文化臻邸,22,44.9,198
Taichung-city,西屯區,臺灣大道三段３９９號,台中帝寶,132,43.6,115
Taichung-city,西屯區,市政北二路２５號,聯聚怡和,106,42.9,116
Taichung-city,西屯區,惠來路二段//市政北二路,聯聚仁愛,75,42.5,159
Taichung-city,西區五,五權西路一段１６２號,龍寶品臻邸,102,42.3,None
Taichung-city,北屯區,昌平二街//昌平東五路,陸府藏穗,10,42.3,None
Taichung-city,南屯區,惠文路４８５號,名人硯,38,41.6,None
Taichung-city,西屯區,市政北一路３１號,府會園道,112,41.3,None
Taichung-city,南屯區,向上路三段３３９號,國聚花園御所,155,41.2,None
Taichung-city,西屯區,市政路８９號,聯聚方庭,132,40.9,None
Taichung-city,西屯區,市政路１６９號,富宇東方之冠,133,40.9,None
Taichung-city,西屯區,惠文路//市政路,寶璽睿觀,65,40.4,140
Taichung-city,西屯區,市政南一路//河南路四段,魅力城市NO.1文華匯,271,40.1,None
Taichung-city,西屯區,市政路５３５號,國家一號院,104,40,None
Taichung-city,西區精,精誠路２３３號,冠宇原創,21,39.7,None
Taichung-city,西屯區,市政北六路２６號,喜全真鑄,44,39.5,102
Taichung-city,西屯區,市政北五路//惠來路二段,理性與感性,171,39.4,65
Taichung-city,西屯區,市政路58號,龍寶誠臻邸,75,38.7,None
Taichung-city,南屯區,惠德街２９７號,寶輝大隱,83,38.3,None
Taichung-city,西屯區,西屯路三段１６６之３０號,中科101,57,38.2,None
Taichung-city,西屯區,市政北二路//惠中路一段,銳豐悅觀,72,38.1,None
Taichung-city,南屯區,保安九街１２７號,大山園邸,10,38,None
Taichung-city,南屯區,惠文路３０１號,雙橡園F1,76,37.9,None
Taichung-city,南屯區,向上路二段１６３號,哲園方邸,83,37.9,None
Taichung-city,西屯區,市政北二路３１號,聯聚東方大廈,29,37.9,140
Taichung-city,西區美,美村路一段５３８號,大塊美術,46,37.8,100
Taichung-city,西屯區,市政北三路１３１號,理和大地子民,70,37.7,55
Taichung-city,西屯區,市政北五路８號,A與A＋,51,37.6,110
Taichung-city,南屯區,新富路//龍富路四段,精銳雲,76,37.4,None
Taichung-city,西屯區,台灣大道二段７１２號,理和歇雲,55,37.3,None
Taichung-city,西區五,五權六街９號,美術觀道,81,37.2,100
Taichung-city,西屯區,河南路三段６１號,恆詠,52,37.2,144
Taichung-city,西屯區,市政北七路１６６號,由鉅大謙,268,37,187
Taichung-city,西屯區,市政北一路２６５號,親家雲硯,197,36.9,None
Taichung-city,西區存,存中街６８號,存美術,49,36.3,29
Taichung-city,西屯區,市政北三路３１號,總太觀鼎,38,36.3,111
Taichung-city,西屯區,上仁街//上安路,唐寧街別墅,29,35.5,90
Taichung-city,西屯區,朝貴路//龍門一街//龍門路,精銳西溫山莊,22,35.4,112
Taichung-city,南屯區,大墩十一街８６８號,惠宇大聚,88,35.4,None
Taichung-city,南屯區,新富路３０１號,遠雄一品,182,35.3,53
Taichung-city,西屯區,市政北二路３６號,精銳音悅廳,62,35.1,None
Taichung-city,南屯區,五權西路二段８２８號,喬立圓容,123,35.1,None
Taichung-city,西屯區,惠中路一段５１號,精銳市政廳,66,34.8,98
Taichung-city,西屯區,市政北一路１７號,龍寶心臻邸,74,34.8,80
Taichung-city,西屯區,市政北六路２８號,天璽五,80,34.8,122
Taichung-city,西屯區,市政北一路１１８號,仁山協和,55,34.6,None
Taichung-city,南屯區,惠文路３６１號,天匯,93,34.6,None
Taichung-city,南屯區,豐偉路１８２號,遠雄文心匯,190,34.5,None
Taichung-city,南屯區,文心路一段//大墩十一街,富宇帝國之心,80,34.4,None
Taichung-city,西屯區,福順路２９５巷２３弄１號,溫莎莊園,11,34.3,None
Taichung-city,西屯區,惠中三街//惠來路二段,聚合發獨秀,88,34.3,115
Taichung-city,南屯區,永春東一路５９１號,頤湖苑,108,34.2,None
Taichung-city,西屯區,市政路５１號,由鉅三希,163,34.1,140
Taichung-city,西屯區,美滿東三巷８６號,龍寶晴臻邸,88,34,None
Taichung-city,南屯區,大墩七街４６９號,華太松濤,52,34,77
Taichung-city,北區健,健行路８９８號,山璞植物園,34,33.9,None
Taichung-city,西屯區,河南路三段１３１號,市政101,164,33.8,13
Taichung-city,西區五,五權西路一段１９７號,順天仰德,48,33.7,None
Taichung-city,西屯區,市政北七路１０１號,霞飛道,77,33.7,58
Taichung-city,西區向,向上路一段１０７號,太子青峰錦,55,33.6,None
Taichung-city,太平區,樹德路９７號,新光  台灣之子NO11,45,33.5,25
Taichung-city,南屯區,惠中路三段８０號,理和原風景,59,33.5,None
Taichung-city,西屯區,市政北一路２８號,天璽三,59,33.5,116
Taichung-city,南屯區,永春東路２２０號,惠宇敦南,126,33.4,None
Taichung-city,西屯區,市政北三路//府會園道,元亨利貞,77,33.3,106
Taichung-city,西區公,公正路８９號,最上景,28,33.2,None
Taichung-city,西屯區,朝馬路１６０號,允將大有,181,33.2,None
Taichung-city,南屯區,惠文路//向上路二段,海德一號,123,33.1,None
Taichung-city,西屯區,惠中三街２３號,青雲道,97,33,56
Taichung-city,南區德,德富路２９１號,富霖富悅,26,33,87
Taichung-city,西區英,英才路４４３號,勝美LAONE,94,32.9,21
Taichung-city,西區五,五權西路一段１３１號,長安桂冠,29,32.8,None
Taichung-city,南屯區,大墩路２２號,精銳唐寧1號,86,32.8,None
Taichung-city,北區忠,忠太東路５１號,國泰綠博苑,64,32.7,50
Taichung-city,北區育,育德路８８號,龍寶怡臻邸,41,32.6,None
Taichung-city,南屯區,公益路二段４８５號,雙橡園A8特區,39,32.6,None
Taichung-city,西屯區,上石路//弘孝路,宏忠新麗景,100,32.5,None
Taichung-city,南屯區,大觀路２１５號,寶鯨富椿,42,32.4,None
Taichung-city,西屯區,福科路５１６號,國聚之幸,168,32.4,None
Taichung-city,西區公,公正路８３號,月光流域,117,32.4,56
Taichung-city,西區中,中興街２８７號,百達馥麗,193,32.3,None
Taichung-city,西屯區,惠中路二段３１號,總太東方花園廣場,133,32.3,None
Taichung-city,南屯區,向上南路一段２８８號,寶璽高第,33,32.2,None
Taichung-city,西屯區,河南路三段１６９號,華太怡然居,56,32.1,76
Taichung-city,南屯區,永春東一路６０１號,雙橡園R1,32,32.1,None
Taichung-city,東區忠,忠孝路２９０巷１之１號,述華園,8,32,None
Taichung-city,南屯區,萬和路一段３１之７號,聚富圓圓,26,32,None
Taichung-city,南屯區,益豐路四段//龍富十三街//龍富十二街,樹禾院B,94,32,None
Taichung-city,西區向,向上路一段８６號,仁愛臻邸,25,31.9,None
Taichung-city,西區向,向上北路１２０號,百達翡翠,77,31.8,25
Taichung-city,北區中,中清路一段６３７號,惠宇清朗,103,31.8,None
Taichung-city,西屯區,市政北七路１４７號,聚合發榮耀,261,31.8,100
Taichung-city,南屯區,文心路一段２５８號,國泰森林觀道,120,31.7,None
Taichung-city,西屯區,文心路二段９１號,總太東方帝國,136,31.7,None
Taichung-city,西屯區,市政北二路９９號,銳豐四季花園,48,31.6,96
Taichung-city,北屯區,后庄五街５０號,景三千,13,31.6,None
Taichung-city,西區五,五權西三街//五權一街,長安美術,79,31.6,110
Taichung-city,西屯區,市政北六路//朝富路,聚合發天琴,87,31.6,105
Taichung-city,西區公,公益路３３１號,仁山雲集,66,31.5,None
Taichung-city,西屯區,福順路９３８號,國雄聖山莊,14,31.5,None
Taichung-city,西屯區,河南路三段１５５號,寶輝世紀花園,87,31.5,169
Taichung-city,西屯區,大墩十九街１７２號,富鼎,41,31.5,None
Taichung-city,西屯區,市政北一路２００號,人文領域,26,31.3,None
Taichung-city,西屯區,福科一街//黎明路三段,坤悅君山,56,31.3,None
Taichung-city,大里區,爽文路９５５號,陸府原森,63,31.3,None
Taichung-city,南屯區,文心路一段１９１號,宏銓述森林,39,31.2,74
Taichung-city,西屯區,惠民路２５號,寶輝市政,26,31.1,50
Taichung-city,西屯區,市政北三路//惠中路一段,聯聚公園,26,31.1,150
Taichung-city,南屯區,大墩十二街１７５號,精銳建設_巴黎之心,56,31.1,69
Taichung-city,南屯區,大墩十二街３６９號,登陽松悅,48,31.1,None
Taichung-city,南屯區,龍富十五路５７號,惠宇五十七間堂,56,31.1,None
Taichung-city,西屯區,環中路三段５９號,赫里翁傳奇,252,31,None
Taichung-city,西屯區,青海路二段１８８號,赫里翁,143,30.9,106
Taichung-city,西屯區,大墩二十街１６２號,水清丰華,35,30.9,None
Taichung-city,南屯區,河南路四段６１０號,鉅虹創造之旅,100,30.8,35
Taichung-city,西區五,五權西四街１３０號,美術真鑄,39,30.7,74
Taichung-city,西區精,精明路２０號,大岩瑜舍,51,30.7,None
Taichung-city,南屯區,龍富十二街//龍富十三街,樹禾院A,78,30.7,None
Taichung-city,西屯區,青海路三段//福科路,鄉林霞觀,15,30.7,40
Taichung-city,南屯區,大墩十二街７６７號,鉅虹樸石,54,30.7,39
Taichung-city,西區中,中美街３７５號,豐境敘美,24,30.6,55
Taichung-city,西屯區,惠民路２９號,國際音樂廳,59,30.6,105
Taichung-city,西屯區,市政北一路２６７號,市政交響曲,275,30.6,29
Taichung-city,北區育,育德路９８號,惠宇仰德,146,30.5,None
Taichung-city,南屯區,文心路一段２５６號,國泰森林苑,52,30.5,None
Taichung-city,西屯區,市政路９９號,聚合發經典,145,30.5,64
Taichung-city,北屯區,崇德路三段１２３號,大毅一遇,60,30.4,None
Taichung-city,西屯區,惠民路２號,天璽Ⅰ,83,30.4,120
Taichung-city,西屯區,惠來路二段９９號,精銳歐洲之星,35,30.4,131
Taichung-city,北區大,大德街４７號,草葉集,81,30.3,None
Taichung-city,南屯區,大墩十一街３５０號,登陽柏悅,32,30.3,None
Taichung-city,南屯區,文心南三路//文心南路,順天御南苑,162,30.3,None
Taichung-city,西屯區,福星路１號,元城西華苑,37,30.3,None
Taichung-city,南屯區,永春東七路//大墩十一街,鉅虹MOMA,50,30.2,None
Taichung-city,南屯區,文心南三路１２０巷１０號,寶運臻峰,20,30.1,70
Taichung-city,北區大,大德街//英才路,府上,90,30.1,None
Taichung-city,西區英,英才路５８１號,總太國美,150,30.1,None
Taichung-city,西屯區,青海路二段６０２號,久樘香坡,92,30.1,72
Taichung-city,南屯區,河南路四段７１０號,嘉磐雍翠,26,30.1,None
Taichung-city,南屯區,向心路９２號,博星人子,56,30,None
Taichung-city,北區五,五權路２１６號,日光寓,79,30,None
Taichung-city,西屯區,市政北一路１２８號,惠宇時代觀邸,49,29.8,122
Taichung-city,南屯區,黎明東街５００號,水硯哲園,46,29.7,None
Taichung-city,西屯區,河南路四段１３１號,華太怡然居2,46,29.7,None
Taichung-city,西屯區,上墩東街//黎明路三段,惠宇禮仁,246,29.7,33
Taichung-city,西屯區,福科一街５８號,大城雲杉,92,29.7,56
Taichung-city,南屯區,惠中路三段//大墩四街,大智若魚,52,29.6,50
Taichung-city,西屯區,市政北一路２號,順天夏朵,51,29.5,None
Taichung-city,西屯區,市政北一路５８號,惠宇天青,83,29.5,145
Taichung-city,西屯區,市政北一路３６５號,由鉅藏玉,132,29.5,112
Taichung-city,西屯區,市政北二路２１號,林鼎一邸,47,29.4,92
Taichung-city,北屯區,文心路四段５０６號,文心1,213,29.4,32
Taichung-city,西屯區,市政北一路３２２號,勇建市政依蝶,65,29.4,57
Taichung-city,大里區,永大街１９８號,綠鴻禧,3,29.3,72
Taichung-city,西屯區,上安路１９９號,浩瀚中港層峰,144,29.3,None
Taichung-city,西屯區,惠中路一段１９２號,親家愛敦閣,209,29.2,78
Taichung-city,西區華,華美街//中美街,奢華LV,148,29.2,None
Taichung-city,南屯區,文心南六路１９９號,居雍,65,29.2,None
Taichung-city,西屯區,政和路１６０號,成功之門,60,29.2,37
Taichung-city,南屯區,黎明東街７１號,怡雋,57,29.1,None
Taichung-city,南屯區,龍富十二街//永春路,潤隆,270,29.1,None
Taichung-city,西區英,英才路４５８號,長安科博,95,29.1,None
Taichung-city,西區篤,民權路//民生北路,碧根七號館＆民生館,30,29.1,None
Taichung-city,南屯區,大墩十一街//大正街,精銳米蘭,68,29,None
Taichung-city,南屯區,大墩南路１７８號,登陽漱玉,51,29,None
Taichung-city,西屯區,大鵬路//中清路二段,仁山洺悅,141,29,None
Taichung-city,西屯區,福安十街８８號,懋榮IPARK,35,28.9,None
Taichung-city,南屯區,文心南三路//向心南路,湖心泊,119,28.9,None
Taichung-city,北區育,育樂街３７號,微笑世紀D區/柏悅特區,93,28.9,None
Taichung-city,西區公,公益路１５５巷１３號,綠寶石,16,28.9,None
Taichung-city,西屯區,惠民路７１號,新雪梨,43,28.9,35
Taichung-city,大里區,興大南街//永隆九街//永大街,興大貴族,86,28.8,63
Taichung-city,南屯區,永春東七路７３８巷２號,悅築馥邦,38,28.8,None
Taichung-city,西屯區,天水西二街//西屯路二段,代官山別墅,65,28.8,62
Taichung-city,北屯區,山西路三段２１８號,惠宇山曦,141,28.6,None
Taichung-city,南屯區,文心南路３７號,德鑫清流,56,28.6,None
Taichung-city,西區五,五權七街１２３號,AZ學生活,241,28.6,55
Taichung-city,南屯區,大墩六街３５１號,新業君子,50,28.5,None
Taichung-city,西屯區,大墩二十街９０號,LAVIE,71,28.5,41
Taichung-city,西屯區,台灣大道三段６８６之１號,喬立雍容,115,28.5,None
Taichung-city,南屯區,益文二街//永春路,聖揚晴空,33,28.5,None
Taichung-city,南屯區,干城街２９１號,鉅虹MIHO,87,28.4,None
Taichung-city,西屯區,黎明路三段１６９號,惠宇寬心,105,28.4,110
Taichung-city,北區衛,衛道六街//衛道二街//進化北路//衛道八街//衛道四街//衛道五街//衛道七街//衛道一街//衛道三街//太原路二段,衛道新世界別墅,323,28.4,68
Taichung-city,西屯區,大容東街８８號,惠宇大容居,91,28.4,49
Taichung-city,西區中,中興街３５９號,惠宇科博觀邸,84,28.2,None
Taichung-city,西區向,向上路一段７９巷３６號,立彩璞御,20,28.2,None
Taichung-city,南屯區,大墩十四街//文心路一段//水安街,大城仰望,73,28.2,None
Taichung-city,南屯區,文心南五路一段//文心南五路,雙鋼琴,50,28.2,60
Taichung-city,南屯區,文心南三路３８８號,元城一品苑,42,28.1,None
Taichung-city,西屯區,市政北一路１９８號,總太觀心,44,28.1,None
Taichung-city,西區三,三民路一段１６６號,長安慕廈,39,28.1,None
Taichung-city,西屯區,市政北一路２０號,紐約之星,50,28.1,108
Taichung-city,南屯區,五權西路二段８號,惠宇清寬,238,28.1,None
Taichung-city,北屯區,庄美街//中清路二段//中清路,世紀多芬,42,28,24
Taichung-city,南屯區,河南路四段４３１號,鉅虹MOCA,30,28,None
Taichung-city,南屯區,文心南三路５８０號,登陽漱夏,90,28,None
Taichung-city,西區忠,忠明南路２７６號,太子景雲見,85,27.9,None
Taichung-city,南屯區,大墩六街４１１號,悅築雙城別墅,38,27.9,80
Taichung-city,南屯區,永春東一路５５１號,莫內,58,27.9,None
Taichung-city,西區忠,忠明南路１１０號,鄉林夏都,397,27.9,40
Taichung-city,南屯區,五權西路二段６２５號,建築之旅,133,27.8,50
Taichung-city,南屯區,文心路一段２１號,文心森詠,96,27.8,None
Taichung-city,北屯區,后庄北路８６號,國聚之艷,53,27.8,None
Taichung-city,西屯區,長安路二段１９７巷１號,亞哥墨上青,39,27.8,None
Taichung-city,西屯區,文華路１６８號,順天部落格,266,27.8,15
Taichung-city,西屯區,漢翔路２３０號,帝璟臻和,38,27.6,97
Taichung-city,南區西,西川一路１２９號,綠官邸,2,27.5,None
Taichung-city,西區五,五權三街５７號,觀美術,19,27.5,None
Taichung-city,南屯區,大進街３６６號,富宇麗緻,49,27.4,None
Taichung-city,南屯區,東興路二段２２０號,國泰築善,56,27.4,65
Taichung-city,西屯區,福星路１６０號,品藏逢甲,288,27.4,24
Taichung-city,北區忠,忠明路３１３號,科博京隱,72,27.3,None
Taichung-city,西區健,健行路９６４巷７０號,泉宇科博苑,111,27.3,None
Taichung-city,南屯區,永春東七路８８０號,佳泰新都苑,41,27.3,None
Taichung-city,北區太,太原路二段８８號,惠宇園道臻觀,220,27.3,70
Taichung-city,南屯區,永春東一路８３０號,新業大居,53,27.2,None
Taichung-city,西屯區,何厝街３７巷１１號,佳福謙里,77,27.2,36
Taichung-city,西區向,向上路一段８１號,鄉林觀雲,117,27.2,48
Taichung-city,西屯區,西苑路２９號,大城梧同,64,27.1,77
Taichung-city,西區五,五權五街２４６巷１號,畢卡索藝術花園-一期,57,27.1,None
Taichung-city,西屯區,龍門一街//龍門路,建築與詩,65,27,65
Taichung-city,北屯區,崇德九路３６９號,惠宇青田,195,27,59
Taichung-city,西屯區,文心路三段６號,世界之心,546,27,24
Taichung-city,西屯區,市政北一路３５３號,四季天韻,87,27,150
Taichung-city,南屯區,大墩路４６３號,惠宇敦品,143,27,None
Taichung-city,大里區,永隆一街２０９號,正乙儷舍No1,9,27,None
Taichung-city,西屯區,台灣大道二段８８２號,市政香榭,322,27,19
Taichung-city,南屯區,海德街//永春東路//文心南路,發現登陽,80,26.9,46
Taichung-city,西屯區,朝馬七街３２號,德鑫青玉岸,73,26.9,91
Taichung-city,西屯區,黎明路三段//福吉街,昇揚INN12,84,26.9,16
Taichung-city,西區梅,梅川西路一段１０７號,大和琉御,45,26.9,None
Taichung-city,西屯區,福科二路５２號,林鼎森邸,81,26.9,81
Taichung-city,西屯區,西林巷２之１０號,圓頂20e3,48,26.9,103
Taichung-city,西區美,美村路一段３９之１號,紐約CBD,120,26.9,None
Taichung-city,西屯區,惠來路三段２０６號,惠宇人文臻觀,91,26.9,37
Taichung-city,南屯區,大業路５８２號,惠宇人本大業,105,26.9,59
Taichung-city,北區育,育德路１００號,北區惠宇-科博仰森,91,26.8,None
Taichung-city,西區臺,台灣大道二段４８６號,科博雙星,155,26.8,65
Taichung-city,南屯區,公益路二段１號,天與齊,40,26.8,None
Taichung-city,西屯區,華美西街二段３４９號,時代四季,47,26.8,None
Taichung-city,北屯區,山西路三段２８６號,登陽廊香,74,26.8,None
Taichung-city,南屯區,文心南五路一段//文心南五路,新業大觀,37,26.7,None
Taichung-city,西屯區,國安一路１１５號,新杜拜,630,26.7,24
Taichung-city,西區大,大墩十一街９號,首馥花園,52,26.7,97
Taichung-city,西區梅,梅川東路一段３２號,豐境璞麗,24,26.7,None
Taichung-city,北區太,太原路二段１號,佳茂上苑,58,26.7,None
Taichung-city,南屯區,三和街６５號,惠宇城市遠見,270,26.7,None
Taichung-city,西屯區,福科二路５１號,天空的院子,40,26.7,None
Taichung-city,西區大,大忠南街//五權一街,勝美術-登峰,250,26.7,None
Taichung-city,西屯區,西安街２７７巷２７號,逢甲鑫墅,30,26.7,65
Taichung-city,北屯區,崇德十路二段５６號,哈佛No.5,23,26.6,None
Taichung-city,西屯區,上安路２２０號,華相上安,32,26.6,None
Taichung-city,北屯區,興安路一段１６９號,閱上景,78,26.6,None
Taichung-city,西屯區,弘孝路１３號,熊貓東京,75,26.6,29
Taichung-city,南屯區,東興路三段//大墩十四街,親家黃金時代,78,26.6,None
Taichung-city,南屯區,黎明路二段８０號,太子西雅圖,210,26.5,None
Taichung-city,西區五,五權三街３５８號,宏台美術館,57,26.4,None
Taichung-city,西屯區,西屯路二段１２６之７號,坤悅豐盛,56,26.4,None
Taichung-city,西區大,大忠南街６８號,勝美術-雲門,143,26.4,None
Taichung-city,南區文,文心南路５４６號,中山苑,230,26.4,47
Taichung-city,南屯區,大墩十街//大英街,星光大道,58,26.4,None
Taichung-city,西屯區,福星北二街１號,時代麗景,46,26.4,49
Taichung-city,西區三,三民西路８３號,富宇豐馥,116,26.4,None
Taichung-city,南屯區,公益路二段３９５號,雙橡園Q1,24,26.4,None
Taichung-city,西屯區,上安路１１８號,喬立亞維農,108,26.3,31
Taichung-city,北屯區,中平路４１６號,經貿磐石,28,26.3,None
Taichung-city,南屯區,文心南五路一段３３０號,惠宇澄峰,54,26.3,None
Taichung-city,南屯區,文心南五路//文心南五路一段//東興路一段,大城凱旋門,155,26.3,None
Taichung-city,太平區,環中東路三段//樹孝路,正乙御峰No31,43,26.3,None
Taichung-city,北區英,英才路３８６號,科博行館,161,26.3,None
Taichung-city,南屯區,河南路四段//大墩十二街,太子龍,267,26.2,43
Taichung-city,南屯區,惠中路三段７１號,海悅豪景,118,26.2,None
Taichung-city,南屯區,河南路四段６９０巷９號,太子園野,113,26.2,None
Taichung-city,西區民,民權路２２９巷１號,民權好家園,60,26.2,32
Taichung-city,北屯區,庄美街222號,知己在鄰,39,26.2,None
Taichung-city,北屯區,后庄路３９號,國聚之界,98,26.1,None
Taichung-city,南屯區,五權西路二段６５８號,大塊先生,79,26.1,None
Taichung-city,南屯區,大墩十七街//大墩路,市政寶佳麗,257,26.1,49
Taichung-city,西屯區,惠中路一段１３３號,泰極,60,26.1,129
Taichung-city,大里區,大勝街３７號,登陽美藏II,13,26.1,23
Taichung-city,北屯區,青島路三段１３６號,龍寶拾穗,167,26.1,50
Taichung-city,北屯區,熱河路二段//大連路二段,惠宇文化願景,115,26,45
Taichung-city,西區華,華美街５２２號,惠宇科博館,94,26,52
Taichung-city,南屯區,公益路二段//黎明東街,鉅虹願景,94,26,47
Taichung-city,南屯區,文心南六路１７５號,大塊新象,87,26,54
Taichung-city,北區學,學士路//進化北路,勝美學,275,26,29
Taichung-city,西區存,存中街５１號,黃金新象,22,26,None
Taichung-city,北區育,育隆路//進化路,微笑世紀C區/四季特區,155,26,None
Taichung-city,西區民,民權路２２９巷１８號,清流居,37,26,73
Taichung-city,西屯區,台灣大道四段,喬立月河,197,26,64
Taichung-city,西屯區,福順路２８８號,惠宇可觀,120,25.9,54
Taichung-city,北屯區,梅川東路五段３９８號,富宇觀頂,44,25.9,110
Taichung-city,西屯區,台灣大道三段６８６巷２號,鄉林登峰,115,25.9,None
Taichung-city,北區五,五常街//進化北路,歐夏蕾,591,25.9,None
Taichung-city,南屯區,河南路四段３６０號,潘朵拉,269,25.9,None
Taichung-city,中區民,仁愛街//民族路,聚合發愛美,56,25.9,None
Taichung-city,南區工,工學北路１３號,天工琉璃,145,25.9,60
Taichung-city,南區大,大慶街二段//復興路一段,台灣大城,242,25.9,33
Taichung-city,西區大,大忠南街//五權西路一段,勝美術,209,25.9,41
Taichung-city,西屯區,西屯路二段２６９之２１號,寓上逢甲,166,25.8,25
Taichung-city,西屯區,台灣大道三段,百達富裔,288,25.8,199
Taichung-city,北區太,太原路二段９０號,櫻花青河,112,25.8,65
Taichung-city,西屯區,文心路二段//大墩十七街//大容西街,市政凱悅,213,25.8,19
Taichung-city,西屯區,台灣大道三段５７６號,鄉林皇居,442,25.8,116
Taichung-city,南屯區,大墩路７００號,華太自得居,54,25.8,None
Taichung-city,南屯區,永春東一路８１６號,雋業品雋,66,25.8,None
Taichung-city,西屯區,惠來路三段１９８號,勇建薪傳,171,25.8,42
Taichung-city,西屯區,福上巷２５１弄３７號,梵谷莊園,33,25.8,65
Taichung-city,西屯區,台灣大道二段,市政文華,127,25.7,86
Taichung-city,西屯區,漢翔路３３３號,惠宇澄品,118,25.7,68
Taichung-city,西屯區,福科路//青海路三段,別墅新世界,37,25.7,None
Taichung-city,西屯區,環中路三段６９號,聚合發天廈,132,25.7,112
Taichung-city,南屯區,黎明東街//河南路四段,風尚薈萃,42,25.7,None
Taichung-city,南屯區,文心南路２８０號,文南仰真,111,25.7,None
Taichung-city,南屯區,五權西路二段２６０號,五權光河,107,25.7,None
Taichung-city,西屯區,台灣大道三段５８號,上城,440,25.7,43
Taichung-city,西屯區,文心路二段５６６之７號,市政LV,234,25.7,34
Taichung-city,西區忠,忠明南路１１８號,鄉林君悅,209,25.7,45
Taichung-city,南屯區,永春東一路//文心南五路一段,元城湖岸,59,25.6,None
Taichung-city,南屯區,豐富路１９９號,惠宇豐閣,157,25.6,None
Taichung-city,北屯區,熱河路二段//文昌三街,水之庭,163,25.6,35
Taichung-city,西屯區,台灣大道三段６９９號,中港THEONE,245,25.6,48
Taichung-city,西屯區,寶慶街８號,寶慶21,55,25.6,None
Taichung-city,北區華,華美街二段７８號,上荷苑,66,25.6,None
Taichung-city,西屯區,惠來路三段２４８號,E-park,61,25.6,31
Taichung-city,西屯區,上石路１８１巷８號,喬立世紀觀,77,25.6,49
Taichung-city,西區大,大墩十一街８號,品精誠,39,25.5,85
Taichung-city,西屯區,文心路三段６之８號,世紀之頂,104,25.5,83
Taichung-city,南區福,福田二街//文心南路,富宇綠都心,199,25.5,None
Taichung-city,西屯區,弘孝路６７號,惠宇人本新觀,160,25.5,51
Taichung-city,西區五,五權西三街１２５號,熊都國美館,92,25.4,80
Taichung-city,西屯區,西屯路二段//弘孝路,佳茂康朵,300,25.4,27
Taichung-city,北屯區,中清路二段//中清路,敬業雅緻,39,25.4,51
Taichung-city,西屯區,西苑一街８８號,文華苑,60,25.4,59
Taichung-city,北區忠,忠太東路５６號,惠宇科博,105,25.4,50
Taichung-city,西區樂,樂群街//大全街,當代美術,133,25.4,None
Taichung-city,北區太,太原路三段８號,惠宇世紀願景,166,25.3,90
Taichung-city,北屯區,文心路四段２７８號,巴黎第六區,434,25.3,None
Taichung-city,西屯區,台灣大道三段５６５號,中港一方,74,25.3,98
Taichung-city,南區復,復興路二段１５５號,國圖一號會,124,25.3,None
Taichung-city,北屯區,庄美街１６５號,知己人家,57,25.3,None
Taichung-city,北屯區,敦化路一段６２９號,森MOMA,137,25.3,None
Taichung-city,西區向,向上路一段//英才路,鄉林御風,97,25.3,50
Taichung-city,南屯區,大墩十一街//黎明東街,尉寶主人園邸,59,25.2,None
Taichung-city,北區中,中清路一段１６５號,一峯青,63,25.2,None
Taichung-city,西區公,公益路//大墩十二街,璀璨之旅,175,25.2,40
Taichung-city,南區樹,樹義路//樹義五巷//福田二街//樹義五街,皇家公園,59,25.1,28
Taichung-city,東區東,一心街//東府街//東英一街,九期 旱新段 鳳凰墅,59,25.1,30
Taichung-city,西屯區,福科路８５１號,觀青海別墅2,24,25.1,55
Taichung-city,西區精,精誠九街//精誠路,大綠地,8,25.1,None
Taichung-city,南區永,永南街７號,興大奇美Ⅱ松下居,50,25.1,None
Taichung-city,南屯區,河南路四段４８８號,翰詮鳳凰,43,25.1,80
Taichung-city,北區中,青島西街//大雅路,青島水蓮,9,25,71
Taichung-city,北區忠,忠明路４２９號,博星人境,60,25,75
Taichung-city,北區陝,陝西東二街//武昌路,國泰雅苑,95,25,44
Taichung-city,西區五,五權西四街//五權七街,美樹館,59,25,50
Taichung-city,西屯區,甘肅路一段２５號,文華真品,70,24.9,44
Taichung-city,西屯區,上石路１８１巷１９號,勇建光翼,147,24.9,24
Taichung-city,西屯區,漢翔路１０１號,帝璟敦和,33,24.9,None
Taichung-city,南屯區,五權西路二段８０５號,太子優生活,68,24.9,None
Taichung-city,南屯區,三厝街２２６號,晨光綠邑,50,24.9,None
Taichung-city,北區興,興進路//三民路三段,時光織錦,206,24.9,None
Taichung-city,西屯區,華美西街二段３１７號,太舜傳家,135,24.9,55
Taichung-city,西屯區,櫻城三街//惠來路三段,大地子民二期,94,24.9,32
Taichung-city,西屯區,朝貴一街１６號,德鑫時代之上,66,24.8,68
Taichung-city,北屯區,崇德路三段６９９號,惠宇仁美,156,24.8,None
Taichung-city,西屯區,西屯路二段２８１之５號,麗緻逢甲,77,24.8,27
Taichung-city,西屯區,櫻花路//大河一巷,埕境,33,24.8,None
Taichung-city,南屯區,大業路//大光街,聖府大業,62,24.8,None
Taichung-city,南屯區,南屯路二段８７０巷６３號,聚合發權美,68,24.8,None
Taichung-city,北屯區,后庄六街６８號,和聚原砌,33,24.8,None
Taichung-city,北屯區,松竹路二段１７８巷３３號,米蘭雙星,96,24.8,None
Taichung-city,南區忠,忠明南路１１０６號,東方威尼斯,133,24.8,None
Taichung-city,西區臺,台灣大道二段,百達豔麗,43,24.7,None
Taichung-city,西屯區,寶慶街１８巷５號,新光大道,164,24.7,31
Taichung-city,北屯區,崇德八路一段１１１號,惠宇晴山,78,24.7,None
Taichung-city,西屯區,西屯路二段２５３巷３３號,勇建水悅,105,24.7,33
Taichung-city,北屯區,文心路四段２６８號,德鑫如一,92,24.7,None
Taichung-city,北屯區,文心路四段５２２號,櫻花涵舍,65,24.7,None
Taichung-city,西屯區,上安北街//福科二路//上安路,新業雅砌,112,24.7,None
Taichung-city,南屯區,大墩路８０６號,東龍臻觀,84,24.7,44
Taichung-city,西屯區,東興路三段３１９號,地糧,41,24.7,57
Taichung-city,西屯區,惠文七街//市政南一路//干城東街,希望之城,63,24.7,50
Taichung-city,西區美,美村路一段３０２之１號,魯班臻工,46,24.6,40
Taichung-city,北屯區,崇德六路１００號,履幸福,194,24.6,38
Taichung-city,西屯區,天水西五街//天水西四街//天水西六街,文心加賀,151,24.6,34
Taichung-city,西屯區,至善路//青海路二段,海青,37,24.6,None
Taichung-city,北屯區,文心路四段８５號,勝美上境,190,24.6,None
Taichung-city,大里區,大明路５６９號,雲景,22,24.6,None
Taichung-city,南屯區,河南路四段４６０號,全友敦南,123,24.6,45
Taichung-city,南屯區,文心南六路１６３號,公園印象,66,24.6,60
Taichung-city,北區陝,陝西路４８號,親家居禮,82,24.5,38
Taichung-city,北區太,太原北路８６號,雙橡園櫻ONE,43,24.5,None
Taichung-city,西區南,南屯路一段１２８號,夢公園,51,24.5,50
Taichung-city,南屯區,河南路四段//黎明東街,世紀風華,462,24.5,None
Taichung-city,西屯區,至善路８６號,勇建藝術館,153,24.4,44
Taichung-city,南屯區,文心南三路３３２號,大城新紐約,131,24.3,None
Taichung-city,北屯區,熱河路三段//松竹路二段,大毅家風景,104,24.3,None
Taichung-city,西區公,自由路一段２１號,寶鴻清美,54,24.3,None
Taichung-city,北屯區,敦化路//敦化路一段//中清路,宏凱新境,86,24.3,None
Taichung-city,南屯區,文心路一段//大墩十一街,全友天池,136,24.3,None
Taichung-city,西屯區,台灣大道三段６８６巷３０號,龍寶雅集臻邸,33,24.3,32
Taichung-city,西屯區,國安一路８３號,世紀凱悅,456,24.2,27
Taichung-city,南屯區,大墩十一街//大聖街,荷蘭村,46,24.2,None
Taichung-city,西屯區,何厝街３７巷１７號,中港觀邸,94,24.2,65
Taichung-city,南屯區,東興路二段５８號,惠宇自在,54,24.2,41
Taichung-city,南屯區,河南路四段//黎明東街,寶輝2001,241,24.2,None
Taichung-city,西屯區,上安路２０號,中港之星,123,24.1,35
Taichung-city,北屯區,文心路四段１２５號,爵士水蓮,115,24.1,50
Taichung-city,西屯區,市政南一路//市政路,問鼎市政,140,24.1,76
Taichung-city,南屯區,公益路二段//黎明路二段,碧根MOTO,90,24.1,None
Taichung-city,北區五,五權路//篤行路,勝美容邑,136,24.1,None
Taichung-city,北屯區,崇德二路二段３０８號,宏台悅讀,57,24.1,None
Taichung-city,西屯區,福科一街//黎明路三段,新業博觀,73,24.1,104
Taichung-city,南屯區,向上路一段６８８號,荷風臻品,102,24.1,None
Taichung-city,北區英,英才路１０２巷１１號,領袖天悅,155,24.1,27
Taichung-city,南屯區,大業路５８６號,順天首席,100,24,49
Taichung-city,南區工,工學北路３５５號,親家M3,190,24,None
Taichung-city,北屯區,崇德二路二段１０８號,國聚知青,104,24,None
Taichung-city,北屯區,河北三街２５號,國聚品苑,56,24,None
Taichung-city,北屯區,梅川南街３７號,國聚之丘,56,24,None
Taichung-city,西區五,五權西四街２７號,黃金映象,165,24,80
Taichung-city,南屯區,五權西路二段８０１號,太子作新民,76,23.9,None
Taichung-city,西屯區,黎明路三段３８７號,新業遠見,80,23.9,62
Taichung-city,南屯區,向上路五段５１號,惠宇上晴,169,23.9,None
Taichung-city,大里區,中興路二段768號,興大里美,166,23.9,None
Taichung-city,西區向,向上南路一段１１６號,大河文明,92,23.9,45
Taichung-city,北區太,太平路//一中街//三民路三段,太平路,204,23.9,25
Taichung-city,大里區,勝利二路２７２號,風尚還真,26,23.9,None
Taichung-city,南屯區,永春東路３５１號,新業大器,55,23.8,None
Taichung-city,南區五,五權南路//仁義街,興大翡儷,238,23.8,None
Taichung-city,北屯區,山西路三段//昌平路二段,日出登陽,173,23.8,53
Taichung-city,西屯區,逢明街８５號,元城三穗,94,23.8,51
Taichung-city,北區大,大仁街６２號,科博心戀,48,23.8,25
Taichung-city,西屯區,青海路二段４５１號,大城朗雲,36,23.8,80
Taichung-city,西屯區,環中路二段１１３５號,宏台上誠,62,23.8,None
Taichung-city,大里區,永大街２０１巷５６弄１號,大熊懷石園,9,23.8,68
Taichung-city,西屯區,福安路６６號,林鼎跨界,125,23.8,55
Taichung-city,西屯區,青海路二段２６０號,人本至善,171,23.7,31
Taichung-city,西屯區,福林路//國安一路,天瀚,106,23.7,93
Taichung-city,北屯區,中清路二段//中清路,久樘經貿巴黎,117,23.7,45
Taichung-city,南屯區,文心南七路１２６號,海悅,66,23.7,None
Taichung-city,北屯區,瀋陽路二段//崇德路二段//安順東六街,崇德巴黎,467,23.7,None
Taichung-city,北屯區,文心路四段５２６號,通豪高登,121,23.6,13
Taichung-city,南屯區,大墩十一街２８３號,親家No55,37,23.6,None
Taichung-city,西屯區,太原路一段１７５號,林維港麗,109,23.6,23
Taichung-city,西屯區,台灣大道四段,太子四季,198,23.6,26
Taichung-city,北區進,進化北路２５７號,浪漫紐約,144,23.6,None
Taichung-city,西屯區,工業區一路６０號,惠宇天空之城,159,23.5,41
Taichung-city,北屯區,瀋陽路三段//崇德路二段,崇德文心,510,23.5,24
Taichung-city,南區國,國光路２１６－５號,興大博士,35,23.5,None
Taichung-city,北區陝,陝西路２５號,國聚新都里,81,23.5,None
Taichung-city,西屯區,青海南街２２１號,I時尚,82,23.5,22
Taichung-city,北屯區,河北三街１７號,泱泱太子,50,23.5,71
Taichung-city,西屯區,河南路二段２７２號,E世代,48,23.5,29
Taichung-city,西屯區,臺灣大道四段,太子劍橋,201,23.5,60
Taichung-city,西屯區,台灣大道四段,中央公園,93,23.5,145
Taichung-city,北屯區,大連路二段２２１號,鉅虹森之旅,115,23.4,45
Taichung-city,北屯區,大連路二段１８７號,順天帝璟,82,23.4,None
Taichung-city,大里區,永明街１６巷１號,陸府閱讀歐洲3,14,23.4,26
Taichung-city,西屯區,漢翔路２２３號,昇揚擎月,31,23.4,66
Taichung-city,西區五,五權五街１７８號,全友麗緻,72,23.4,40
Taichung-city,南屯區,大聖街//公益路二段,可以居,41,23.4,None
Taichung-city,南屯區,公益路二段//黎明東街,超越2002,108,23.4,None
Taichung-city,西區大,大忠街７０號,品精誠-雙璽,27,23.3,None
Taichung-city,南屯區,大墩四街//向心路,熊貓凱薩,170,23.3,None
Taichung-city,西屯區,上安路//黎明路三段,仁山上安居,43,23.3,None
Taichung-city,西屯區,惠來路三段２０８號,碧根花園,80,23.3,42
Taichung-city,潭子區,中山路一段１巷１３弄９６號,龍邦皇家潭子加拿大區,25,23.3,None
Taichung-city,西區大,大進街２０２號,寶輝首璽,62,23.3,48
Taichung-city,西屯區,國安一路５５號,富宇藍海帝國,351,23.3,38
Taichung-city,南屯區,文心南二路４８０號,久樘香堤,60,23.2,None
Taichung-city,南屯區,大墩四街５６７號,大塊人物,30,23.2,None
Taichung-city,南屯區,大光街//大墩十街,雲莊大廈,44,23.2,None
Taichung-city,南屯區,文心南五路一段//文心南五路//向心南路,湖水岸,132,23.2,42
Taichung-city,南屯區,河南路四段４１８號,三采市政新境,108,23.2,41
Taichung-city,太平區,新光路新生巷、樹德九街,新光  台灣之子NO10,58,23.1,25
Taichung-city,北屯區,文心路四段//遼陽四街,泰鉅一品,106,23.1,25
Taichung-city,南區福,福田五街//文心南路,閱文心,210,23.1,45
Taichung-city,南屯區,惠德街１１７號,佳福京璽,42,23.1,None
Taichung-city,西區五,五權西路一段２３０號,太子種福,102,23.1,60
Taichung-city,南屯區,文心南三路５３９號,八期可以居,45,23.1,45
Taichung-city,南屯區,南屯路二段４２０號,文心豐華,58,23,None
Taichung-city,南屯區,文心路一段７５號,親家No52大有可為,96,23,None
Taichung-city,南屯區,豐偉路２號,先得月,49,23,None
Taichung-city,南屯區,永春東路１０１８號,文心豐樂,189,23,None
Taichung-city,南區復,復興路一段１９９號,玉山臻邸,31,23,None
Taichung-city,西屯區,福雅路５２號,怡華豐采,24,23,None
Taichung-city,西屯區,大墩路９４９之１號,依公園,75,23,53
Taichung-city,北區太,太原路三段６３號,悅榕,51,23,41
Taichung-city,北屯區,崇德十一路３７號,光之建築,135,22.9,54
Taichung-city,西屯區,安林路３之１９號,林鼎新願景,57,22.9,None
Taichung-city,南區南,南和路//高工路,總太春上,193,22.9,None
Taichung-city,西屯區,工業區一路７２巷９號,國唐純萃,24,22.9,53
Taichung-city,西屯區,大墩十八街//大安西街//大聖街,寶裕逸品,111,22.9,44
Taichung-city,西區五,五權五街//五權西一街,艾森豪,68,22.9,47
Taichung-city,西屯區,玉門路//國安一路,總太如來,229,22.9,66
Taichung-city,西屯區,上安路１８巷７２號,喬立生活觀,86,22.8,37
Taichung-city,西屯區,漢翔路１２３號,帝璟豐和,30,22.8,57
Taichung-city,北區育,育德路１８７之１號,科博一品苑,28,22.8,None
Taichung-city,西屯區,至善路//上安路,龍寶方圓臻邸,105,22.8,57
Taichung-city,北區五,五權路３６８號,親家時尚,241,22.7,None
Taichung-city,南區學,學府路８８號,興大湛,100,22.7,None
Taichung-city,南屯區,大英街//大墩五街,小尊爵,42,22.7,None
Taichung-city,南屯區,大墩十街//大墩路,鉅拓,45,22.7,None
Taichung-city,大里區,東明路６２８巷１號,維多利亞,25,22.7,None
Taichung-city,南區工,工學北路//工學路,富宇擎山,84,22.7,None
Taichung-city,西屯區,洛陽路１１１巷３６號,林鼎願景一,101,22.7,37
Taichung-city,西屯區,東興路三段３１３號,不二家I,72,22.7,None
Taichung-city,西屯區,長安路二段１３１巷９０號,寓上長安,171,22.6,34
Taichung-city,西屯區,臺灣大道四段//台灣大道四段,中港陽明,191,22.6,80
Taichung-city,西區五,五權西六街//忠明南路,美術臻品,41,22.6,None
Taichung-city,南屯區,大光街//大墩十二街,大墩天母,42,22.6,None
Taichung-city,北屯區,安順一街//安順東一街,空間講義,25,22.6,None
Taichung-city,西屯區,洛陽路１２５巷５５號,林鼎願景二,106,22.6,None
Taichung-city,南屯區,河南路四段７１８號,郡將大智然（二）,86,22.6,None
Taichung-city,西區向,向上路一段１１２號,寶裕爵邸,51,22.6,None
Taichung-city,西區臺,台灣大道二段,台灣國寶,55,22.6,75
Taichung-city,西屯區,寧夏路１１７號,以民為主,108,22.6,67
Taichung-city,西屯區,漢翔路３７號,新業睿智,54,22.6,58
Taichung-city,北區東,東漢街７號,堤雅墨,104,22.6,55
Taichung-city,北區國,天祥街//國豐街//進化路,敦峰世紀花園,120,22.5,24
Taichung-city,西屯區,工業區一路６６號,順天視界觀,173,22.5,54
Taichung-city,南區忠,忠孝路１號,大城香榭,66,22.5,None
Taichung-city,南屯區,大墩十六街//大容東街,住有靖園,65,22.5,None
Taichung-city,南屯區,文心南七路９８號,登陽至善,25,22.5,None
Taichung-city,太平區,新安街１１１號,惠宇新觀,253,22.5,None
Taichung-city,東區立,立德街３７號,世界１號站,30,22.5,None
Taichung-city,南屯區,大墩十二街//東興路三段,英棋麗城,64,22.5,37
Taichung-city,西區華,華美西街一段//博館路,全友堤香,121,22.5,55
Taichung-city,西區忠,忠明南路３９６號,映美術,38,22.4,None
Taichung-city,西屯區,西屯路三段１６６之１００號,雲世紀C區梵谷星空,227,22.4,None
Taichung-city,南屯區,保安五街//嶺東路,品觀,96,22.4,None
Taichung-city,西區向,向上路一段２７之１號,大隱,108,22.4,40
Taichung-city,南屯區,南屯路二段４８６號,通豪易購,85,22.3,None
Taichung-city,北屯區,崇德十一路５７號,窗的博物館,65,22.3,None
Taichung-city,西屯區,臺灣大道四段,中港首璽,329,22.3,35
Taichung-city,北區北,北興街７５號,鄉林艾美,37,22.3,None
Taichung-city,太平區,樹孝路３１號,豐邑歐洲心,136,22.2,None
Taichung-city,西區大,大進街//向上南路一段,京都尚品,72,22.2,None
Taichung-city,北屯區,崇德十六路２８３號,富宇四季,112,22.2,37
Taichung-city,北區進,進化路５００號,四季麗景,49,22.2,None
Taichung-city,南區三,三民西路２９３號,藏韻,119,22.2,34
Taichung-city,西區美,美村路一段//美村路,國泰美村名廈,83,22.2,None
Taichung-city,大里區,大明路４８６號,親家恆美,190,22.2,None
Taichung-city,北屯區,松竹路二段//梅川南街,勝美松竹,229,22.2,None
Taichung-city,西屯區,西屯路三段１６６之９８號,雲世紀A區羅丹之旅,180,22.2,None
Taichung-city,西屯區,國安一路２２９號,雲世紀B區米勒拾穗,227,22.2,None
Taichung-city,南屯區,忠勇路７１之５號,藝博匯,137,22.2,None
Taichung-city,東區樂,樂業南路３９號,林維湖森,73,22.2,None
Taichung-city,北屯區,遼寧路一段３５９號,星捷市,86,22.2,None
Taichung-city,南屯區,大墩路７１２號,巴黎大道,127,22.2,None
Taichung-city,南屯區,大業路１７７號,鄉林花園大廈,70,22.2,None
Taichung-city,西屯區,櫻城五街//櫻花路,高第大廈,127,22.2,None
Taichung-city,西屯區,國安一路５１號,富宇領袖特區,174,22.2,39
Taichung-city,南區新,新榮街//復興路三段,興大觀,98,22.2,None
Taichung-city,西屯區,台灣大道三段６７７號,國雄領域,114,22.1,59
Taichung-city,西區五,五權西四街１４８號,國統綠園道,35,22.1,None
Taichung-city,南屯區,文心一路//河南路四段,時代春天,22,22.1,None
Taichung-city,北屯區,中清路二段//中清路,經貿安可,46,22.1,None
Taichung-city,西區英,英才路４７２號,慕尼黑,33,22.1,None
Taichung-city,北區文,文昌東二街//北平路二段,水榭花都,116,22.1,30
Taichung-city,西區公,公益路//中美街,大公益,124,22.1,55
Taichung-city,西屯區,上安路//上明一街,大地子民1期,144,22.1,41
Taichung-city,西區五,五權西六街１３８號,鄉根美術,54,22,40
Taichung-city,南區仁,仁和二街４９號,興大文學院,63,22,None
Taichung-city,北屯區,柳陽西街８８號,自在柳陽,135,22,None
Taichung-city,南屯區,公益路二段６００號,上第二,176,22,None
Taichung-city,西屯區,長安路二段１３１巷７０號,寓上里安,133,22,32
Taichung-city,中區柳,柳川西路三段３５號,鼎泰風華,83,22,None
Taichung-city,南區忠,五權南路//忠明南路,大城大英國,348,22,None
Taichung-city,南區南,南門路３７號,興大賦,76,21.9,41
Taichung-city,西屯區,上安路１２３號,謙謙太子,72,21.9,54
Taichung-city,南區復,復興北路７７１號,寶運一景,117,21.9,None
Taichung-city,南屯區,文山三街//忠勇路,精銳 印象天籟,94,21.9,None
Taichung-city,西屯區,青海路二段４９０號,碧根誠品,55,21.9,25
Taichung-city,北屯區,長生一街６７號,香草天空,128,21.9,32
Taichung-city,西屯區,逢甲路//至善路//西屯區逢甲路,摩登歐洲,480,21.8,29
Taichung-city,北屯區,崇德五路３５９號,嘉磐千秋,72,21.8,86
Taichung-city,南區建,建國南路一段２２7號,悠森學,170,21.8,46
Taichung-city,西屯區,福吉街１０１號,鉌豐默砌,28,21.8,70
Taichung-city,南屯區,大墩十街//文心路一段,上第,229,21.8,55
Taichung-city,北區太,太原路一段４７８號,寶輝科博觀邸,62,21.8,None
Taichung-city,西屯區,國安一路２５號,富宇新貴特區,232,21.8,26
Taichung-city,北屯區,崇德十一路４５號,欣光水蓮,53,21.7,None
Taichung-city,北屯區,雷中街１９巷７號,豐邑生活館,58,21.7,43
Taichung-city,北區文,文心路四段//青島東街,文心會館,325,21.7,19
Taichung-city,北屯區,綏遠路二段３８號,水蓮G6,28,21.7,None
Taichung-city,西屯區,大隆路７０號,大隆皇家,76,21.7,None
Taichung-city,南屯區,保安二街//文山五街//保安三街,英棋麗景,76,21.7,None
Taichung-city,大里區,中興路二段日新巷22弄2號,元心康橋,63,21.7,None
Taichung-city,西屯區,漢口路二段１０８號,鄉林法國,131,21.7,55
Taichung-city,西屯區,上安路//台灣大道三段,中港禾田,137,21.7,None
Taichung-city,北屯區,梅川東路五段４７６號,太子文化,70,21.7,82
Taichung-city,西屯區,國安一路１４５號,總太觀闊,133,21.7,47
Taichung-city,西區英,英才路５０６號,廣三帝王天廈,76,21.6,None
Taichung-city,大里區,永興路//東明路,源益新第,40,21.6,None
Taichung-city,北屯區,昌平路二段２１號,登陽涵境,53,21.6,None
Taichung-city,大里區,新生西路１８５號,敘登陽,118,21.6,None
Taichung-city,南區工,工學路１５５巷１６號,泰鉅綠豐華,68,21.6,None
Taichung-city,西區大,大同街//向上南路一段,天鵝堡,108,21.6,50
Taichung-city,北區忠,忠太東路//忠明路,國泰博苑華廈,94,21.6,45
Taichung-city,西屯區,逢甲路２０２號,宗唐盛世,158,21.6,42
Taichung-city,南屯區,大英街３１２號,都心風華,81,21.6,None
Taichung-city,南屯區,文心一路//大業路//河南路四段,大葉學院,424,21.5,38
Taichung-city,南區工,工學路１５７號,璀璨工學,116,21.5,46
Taichung-city,北屯區,河北二街８８號,四季水蓮,55,21.5,None
Taichung-city,南屯區,黎明東街//大墩十二街,波音市-銀翼,201,21.5,None
Taichung-city,北屯區,長生一街５６號,崇德仁美,84,21.5,None
Taichung-city,北屯區,后庄七街５９號,知己樹廈,67,21.5,None
Taichung-city,南區工,工學五街３１號,晴美學,131,21.5,None
Taichung-city,西屯區,四川五街２７之１號,春天綠郡,44,21.5,None
Taichung-city,西屯區,大墩十九街//東興路三段,大東興,208,21.5,None
Taichung-city,西屯區,寶慶街２６號,公園皇家,76,21.5,37
Taichung-city,北屯區,松竹路二段３５０號,勝美漾,81,21.4,None
Taichung-city,南屯區,大墩五街//大昌街,五街50好,62,21.4,None
Taichung-city,南屯區,大墩七街//東興路二段,東興寧境,163,21.4,40
Taichung-city,西區精,精誠十六街２號,新儒家,67,21.4,None
Taichung-city,西屯區,上安路６０號,中港盛世,195,21.4,None
Taichung-city,北區漢,漢口路三段７８號,齊家臻第,79,21.4,55
Taichung-city,西區府,府後街１號,府後街1號,42,21.4,None
Taichung-city,西屯區,國安一路１５８號,美麗境界,166,21.4,14
Taichung-city,大里區,甲園街//立元路//甲堤南路,德芳鑫世紀,56,21.3,None
Taichung-city,南屯區,東興路二段//大墩二街,荷風麗品,88,21.3,None
Taichung-city,南屯區,大聖街３７號,陽光綠郡,36,21.3,None
Taichung-city,南屯區,河南路四段１５０號,三采市政天地,440,21.3,46
Taichung-city,南區三,三民西路//西川一路,鄉林雅典,506,21.2,45
Taichung-city,西屯區,寶慶街３０巷１０號,U行館,107,21.2,15
Taichung-city,西區五,五權路２之１９１之１號,美學NEC,100,21.2,52
Taichung-city,西屯區,福聯街６１號,華格納,29,21.2,None
Taichung-city,南區忠,忠明南路９３２號,仁美居,123,21.2,56
Taichung-city,北屯區,軍福十六路３０６號,晴綻花園,273,21.2,None
Taichung-city,南屯區,嶺東路８７６號,坤悅君臨,104,21.2,None
Taichung-city,西區大,大進街３２２號,國泰溫莎園邸,67,21.2,47
Taichung-city,南屯區,大業路//黎明路二段,大業新象,151,21.2,None
Taichung-city,大里區,大明路４０８號,興大之星,120,21.1,None
Taichung-city,南屯區,文山六街１８６號,晴耕雨讀,114,21.1,None
Taichung-city,西屯區,大信街//寧夏路,波蜜臻品,145,21.1,41
Taichung-city,西屯區,福科路７９３號,德鑫博爵,51,21,52
Taichung-city,西區精,精誠十街//精誠路//精誠十一街,精誠名人巷,69,21,55
Taichung-city,南區崇,崇倫街５２號,俊華貞藏,42,21,44
Taichung-city,北區華,華美西街二段//太原路一段//西屯路二段,華興大樓,120,21,None
Taichung-city,西屯區,至善路２３６號,真愛逢甲,313,21,15
Taichung-city,西屯區,大墩十九街//大恩街,齊家關心,82,21,None
Taichung-city,北屯區,河北路二段//文昌東五街,唐寧街10號,124,21,34
Taichung-city,西區忠,忠明路３０號,中港菁英,51,21,52
Taichung-city,南屯區,大業路５６３號,三采大業天地,183,21,48
Taichung-city,西屯區,青海路二段//弘孝路,熊貓麗晶,161,21,None
Taichung-city,北屯區,崇德路三段//梅川東路五段,崇德11大樓,53,20.9,None
Taichung-city,南區三,三民西路２８３號,森園邸,87,20.9,47
Taichung-city,北屯區,東山路一段５３巷１７號,紫園雙翼,93,20.9,None
Taichung-city,南屯區,黎明東街//向上路二段,向上園邸,108,20.9,None
Taichung-city,西區五,五權西四街４７號,揚洲綠苑,26,20.9,None
Taichung-city,北屯區,松竹路一段８７１號,登陽穗悅,162,20.9,None
Taichung-city,東區東,東光園路５６２號,景美大廈,57,20.9,None
Taichung-city,北區博,博館二街３２號,科博特區,49,20.9,None
Taichung-city,北區五,五常街//梅亭街,惠宇桂冠,200,20.9,49
Taichung-city,西屯區,上明一街//至善路//上安路//青海路二段,向陽新象,111,20.9,29
Taichung-city,西區五,五權路//貴和街,美術皇家,145,20.9,66
Taichung-city,北屯區,崇德路二段４５０號,太子國寶,220,20.8,50
Taichung-city,北區英,英士路//原子街,佳泰樂薇,165,20.8,None
Taichung-city,南區五,五權南一路//五權南路//南和二街,總太居易,315,20.8,None
Taichung-city,西屯區,玉門路２３３號,雲世紀特A區莫內花園,135,20.8,None
Taichung-city,南區大,大慶街一段２４６之１號,ROOM28,162,20.8,None
Taichung-city,西區五,五權路１－１３８號,美術TOP,63,20.8,None
Taichung-city,南屯區,保安五街６０號,科學家,135,20.8,None
Taichung-city,南屯區,黎明東街//公益路二段//大墩十二街,波音市-彩翼,146,20.8,None
Taichung-city,南區復,復興北路７６７號,宏都雙子星,179,20.8,None
Taichung-city,西屯區,西屯路二段上石南八巷２１號,熊貓大觀園,230,20.8,37
Taichung-city,西屯區,大安街//大墩十九街,不二家II,104,20.8,None
Taichung-city,北區健,健行路//永興街,惠宇凱悅華廈,154,20.8,45
Taichung-city,西屯區,福安路５７號,熊貓福華,234,20.7,37
Taichung-city,西屯區,永福路//福泰街//福科路,大俊國,819,20.7,36
Taichung-city,西區精,精誠十一街１４號,大唐世家,41,20.7,30
Taichung-city,北區太,太原路二段１８２號,順天獅子城,298,20.7,None
Taichung-city,西區民,民生北路１５３號,旺蓮居,14,20.7,55
Taichung-city,西區精,精誠路２１號,國雄皇邸,32,20.7,50
Taichung-city,南屯區,忠勇路５２之１８８號,勝美彩虹城二期-勝美恆美,360,20.7,None
Taichung-city,南區柳,柳川東路一段１０號,美術林園,87,20.7,None
Taichung-city,南屯區,保安二街１０６號,品蔚,84,20.7,None
Taichung-city,東區樂,樂業南路２５號,林維湖美,73,20.7,None
Taichung-city,西區大,大忠南街９８號,寶璽翡翠,88,20.7,None
Taichung-city,西區大,大業北路１號,國際鄉園,69,20.7,36
Taichung-city,北區崇,崇德路一段２６８號,崇德心賞,137,20.7,None
Taichung-city,西屯區,忠義街７３號,寶璽皇冠,39,20.7,None
Taichung-city,南屯區,大墩路//五權西路二段,采固卓越,131,20.7,55
Taichung-city,西屯區,上安路//至善路,中港假期,221,20.7,24
Taichung-city,南屯區,大墩十一街//河南路四段,大台中新市,221,20.7,None
Taichung-city,西屯區,櫻城一街//櫻城二街//櫻花路//櫻城三街,櫻花園邸,244,20.7,None
Taichung-city,西屯區,工業區一路９６之２號,愛瑪市,243,20.6,26
Taichung-city,大里區,德芳南路//新芳路,舜元帝磐,258,20.6,None
Taichung-city,西屯區,智惠街//弘忠路一段//河南路二段,復興園,59,20.6,None
Taichung-city,南屯區,大墩四街１７５號,堂城御璽,48,20.6,None
Taichung-city,南屯區,向上路二段//河南路四段,郡將大師,135,20.6,None
Taichung-city,南屯區,義芳街//永春南路,香草天籟,125,20.6,None
Taichung-city,南屯區,保安五街//保安三街//文山五街,大城活力館,207,20.6,None
Taichung-city,東區十,十甲路２００號,冠勇美術館,42,20.6,None
Taichung-city,北區青,青島路一段２號,太子紐約,162,20.6,47
Taichung-city,南屯區,公益路二段//大墩十二街//永春東七路,藝術園區二,827,20.5,49
Taichung-city,北區博,博館路２６號,中友寶璽,69,20.5,None
Taichung-city,北區進,進化北路//學士路,佳茂學士會館,381,20.5,None
Taichung-city,南屯區,向上南路一段//大英西一街,熊貓寶座,136,20.5,None
Taichung-city,西區精,精誠五街//忠明南路,第五大道,85,20.5,None
Taichung-city,西區大,大墩１１街１０３號,揚洲名邸,38,20.5,None
Taichung-city,南屯區,文山三街１２１號,領航家,182,20.5,None
Taichung-city,北屯區,軍福七路１６８號,惠宇宇山鄰,169,20.5,None
Taichung-city,南區忠,忠明南路８０１號,鄉林凱撒,525,20.5,40
Taichung-city,西屯區,向上南路一段１６７號,誠豐天廈,57,20.5,None
Taichung-city,西區向,向上南路一段//大同街,鄉林雲頂,113,20.5,82
Taichung-city,西區美,美村路一段//五權西四街,大東家綠璟,172,20.5,55
Taichung-city,西屯區,上明三街//上明二街//上明一街//上仁街,中港世紀紅,495,20.4,29
Taichung-city,南區復,復興路三段１８１號,極,30,20.4,None
Taichung-city,南區工,工學北路//復興路一段,綠晶華,115,20.4,38
Taichung-city,南屯區,大聖街//大墩十二街,宗翰名門爵邸,48,20.4,None
Taichung-city,西區向,向上路一段５０６號,寶輝向上家,49,20.4,None
Taichung-city,南屯區,寶山東二街//寶山東一街,勝美極美,229,20.4,None
Taichung-city,大里區,永隆八街７８號,侑信敦品,28,20.4,None
Taichung-city,南屯區,東興路二段//大墩四街,東方帝國,59,20.4,None
Taichung-city,西區博,博館三街１０３號,非常晶華華廈,19,20.4,None
Taichung-city,西屯區,大容西街１４１號,翠安濃,134,20.4,None
Taichung-city,北屯區,景賢二路４５６號,若山牧水,74,20.4,None
Taichung-city,南屯區,嶺東南路１７３號,總太拾光,87,20.4,None
Taichung-city,北屯區,北屯路３８６號,鼎泰然,88,20.4,None
Taichung-city,西區忠,忠明南路３６９號,福人居,59,20.4,None
Taichung-city,西區東,東興路三段２５號,純真年代,115,20.4,37
Taichung-city,西屯區,上石路１８２號,順天福利國,105,20.4,44
Taichung-city,西區英,英才路５１８號,敬業名人,52,20.4,55
Taichung-city,西區忠,忠明南路//公益路,鄉林麗池,159,20.4,None
Taichung-city,南屯區,永春東七路//大墩十一街,美村家族,161,20.4,None
Taichung-city,大里區,新仁路二段２５之１０號,人文御墅,30,20.3,None
Taichung-city,西區向,向上路一段４０２號,台中珍愛,87,20.3,None
Taichung-city,南屯區,大墩路//大墩十五街,新新生活,46,20.3,None
Taichung-city,北屯區,中清路//中清路二段,經貿之星,30,20.3,None
Taichung-city,南屯區,忠勇路５２之２１８號,勝美彩虹城一期,270,20.3,None
Taichung-city,北區民,民權路４７２號,長安科博觀邸,139,20.3,None
Taichung-city,南屯區,大進街//大業路//大昌街,大官邸,296,20.3,52
Taichung-city,南區柳,柳川東路一段//美村路二段,人文學苑,116,20.3,None
Taichung-city,西屯區,大隆路//大墩路,大墩皇家,104,20.2,None
Taichung-city,北屯區,松竹五路//松竹五路二段,水悅私塾,85,20.2,None
Taichung-city,南屯區,大墩一街//東興東街//東興路二段,利亞倫敦,209,20.2,None
Taichung-city,北屯區,崇德十五路１號,築心苑,81,20.2,52
Taichung-city,北區陝,陝西八街//華美街二段,麗水微風,78,20.2,None
Taichung-city,太平區,育仁路//育德路,樹幸福,216,20.2,29
Taichung-city,西區五,五權七街１３０號,美村林園,43,20.2,None
Taichung-city,南屯區,黎明東街//大墩十一街,鑫園御璽,53,20.2,None
Taichung-city,西區美,美村路一段//五權三街,高風亮節,73,20.2,40
Taichung-city,南屯區,東興路二段３１號,熊貓貴族,107,20.2,None
Taichung-city,南區忠,忠明南路５８２之１號,閱讀城市,323,20.1,32
Taichung-city,南區台,台中路５３８號,陽光多瑙河,119,20.1,None
Taichung-city,北區文,文心路四段１７２號,邦廷敦品,43,20.1,50
Taichung-city,西區美,美村路一段１１８巷６號,玖泰村,37,20.1,None
Taichung-city,南屯區,大英街３０９號,經典尚品,41,20.1,None
Taichung-city,南屯區,寶山東一街１號,夢想特區,112,20.1,None
Taichung-city,北屯區,太原路三段１１８９號,惠宇原山,156,20.1,None
Taichung-city,北區育,育強街７８巷５號,雙十園,116,20.1,None
Taichung-city,西屯區,福祥街５號,歐薇花園,186,20,75
Taichung-city,西屯區,青海路二段//惠來路三段,青海青,45,20,None
Taichung-city,南區德,德富路２２０號,布拉格,84,20,48
Taichung-city,西屯區,福上巷//弘孝路,公園市一期,113,20,33
Taichung-city,太平區,太興路１０號,植幸福,285,20,None
Taichung-city,南區正,正氣街５２號,親家新藝,72,20,None
Taichung-city,北屯區,軍福七路１５８號,惠宇富山居,206,20,None
Taichung-city,北屯區,東山路一段２３８巷１５弄３３號,鼎泰鑫-贊,31,20,None
Taichung-city,南屯區,黎明東街//向上路二段,傑出名門,90,20,None
Taichung-city,北屯區,興安路二段//松竹路二段//松竹路,太子地球村,337,20,None
Taichung-city,南屯區,河南路四段４７６號,英棋尊邸,130,20,47
Taichung-city,南屯區,大進街６６３號,群園世家,70,20,None
Taichung-city,北區綏,綏遠路一段２６號,檸檬樹3期,215,20,30
Taichung-city,西屯區,至善路//青海路二段,壹號國道,153,20,35
Taichung-city,北屯區,山西路三段２９８號,水建築,20,19.9,None
Taichung-city,北屯區,興安路二段３３３號,松觀太子,34,19.9,None
Taichung-city,北區文,文心路四段１７６號,城市桂冠,190,19.9,79
Taichung-city,南屯區,東興路二段//五權五街,有情人間,91,19.9,22
Taichung-city,南區正,正氣街４７號,親家新匯,86,19.9,None
Taichung-city,南屯區,寶山東二街８號,飛夢特區,159,19.9,None
Taichung-city,南屯區,大墩四街３２１號,達觀,107,19.9,None
Taichung-city,北屯區,遼寧路一段//松竹路//松竹路二段,美麗人生,140,19.9,41
Taichung-city,西區美,美村路一段５６６號,綠之郡,51,19.9,40
Taichung-city,北區綏,綏遠路一段５號,唐宋澄舍,35,19.9,35
Taichung-city,南區忠,忠明南路７９１號,鄉林維多利亞,134,19.9,35
Taichung-city,西區柳,柳川西路二段//四維街,師院美術,84,19.8,None
Taichung-city,太平區,樹孝路２７３巷７號,新平  台灣之子N02,11,19.8,None
Taichung-city,北區健,健行路４８５號,優郡,51,19.8,None
Taichung-city,北屯區,三光一街//南京東路三段//三光北一街,君悅文心,172,19.8,54
Taichung-city,北區山,山西路一段５５號,i世代,137,19.8,None
Taichung-city,南屯區,黎明路二段５０號,早安黎明,155,19.8,None
Taichung-city,北屯區,陳平一街１２１號,璟慶敦品,26,19.8,None
Taichung-city,太平區,育賢路３４８號,曙光之旅2,302,19.8,None
Taichung-city,西區大,大進街１１２號,東方綠,97,19.8,29
Taichung-city,北屯區,興安路一段３２號,惠宇皇家,84,19.8,46
Taichung-city,西屯區,寧夏路//太原路一段,鄉林英國,78,19.8,197
Taichung-city,東區德,德興一街２號,九期 旱平段 佑崧崧園,26,19.7,65
Taichung-city,西區五,五權七街//美村路一段,聖美村,165,19.7,40
Taichung-city,南區大,大慶街一段１３０巷３１號,森悅,111,19.7,35
Taichung-city,大里區,新明路//東榮路一段,佳福御璽,171,19.7,None
Taichung-city,南屯區,大墩十一街//大光街,采邑No2,24,19.7,None
Taichung-city,西屯區,西安街２７７巷２５弄２號,時代金鑽,582,19.7,None
Taichung-city,南屯區,河南路四段３３２號,國王與我,180,19.7,None
Taichung-city,南屯區,三和街１３０號,大東家春風,105,19.7,None
Taichung-city,西區精,精誠路６３號,精誠寶座,22,19.7,None
Taichung-city,南屯區,永春北路７１號,綠光CITY,88,19.7,None
Taichung-city,太平區,旱溪東路二段１００號,寓上樂灣,186,19.7,None
Taichung-city,南屯區,向上南路一段//大英西一街//文心路一段,熊貓文心帝國,181,19.7,None
Taichung-city,南屯區,大墩路//大業路//大墩十六街,東龍尊邸,186,19.7,63
Taichung-city,西區精,精誠路５２號,鄉林凱悅,77,19.7,67
Taichung-city,西區五,五權西三街４５號,瑞華園邸,62,19.7,None
Taichung-city,南區忠,忠明南路１０７８號,國唐綠園道,77,19.7,None
Taichung-city,南區樹,樹德三巷３１號,東坡居,22,19.7,None
Taichung-city,西區大,大業路１５號,蘇活大街,268,19.6,None
Taichung-city,西屯區,河南路二段//智惠街,河南天下,127,19.6,54
Taichung-city,西區華,華美街９１號,親家御苑,73,19.5,None
Taichung-city,南屯區,黎明路二段４２０號,中友-綠園邸,430,19.5,None
Taichung-city,西屯區,台灣大道四段１３５８號,東海硯,33,19.5,None
Taichung-city,西區公,公益路９號,皇家堡,50,19.5,None
Taichung-city,西區大,大業路３２號,園中國,43,19.5,None
Taichung-city,西屯區,至善路//青海路二段,近水樓台一期,709,19.5,None
Taichung-city,南屯區,黎明路二段１３７號,大未來,146,19.5,None
Taichung-city,潭子區,中山路一段６５號,佳泰捷郡,232,19.5,42
Taichung-city,南區樹,文心南十路//樹義一巷,高福哲園,77,19.5,47
Taichung-city,南屯區,大業路//大墩路//大聖街,三采藝術園邸,147,19.5,None
Taichung-city,西屯區,西屯路二段２５５號,置富新境,65,19.5,35
Taichung-city,南屯區,大業路//河南路四段,英棋觀邸,66,19.5,None
Taichung-city,南屯區,公益路二段//文心路一段,鄉林麗京,87,19.5,None
Taichung-city,北區三,三民路三段２６５號,大銪臻品,99,19.5,27
Taichung-city,西屯區,成都路１９１號,大成都,23,19.4,None
Taichung-city,大里區,達明路８６號,君璽,144,19.4,None
Taichung-city,南區德,德富路３２８號,賞花幕,54,19.4,46
Taichung-city,北屯區,軍福十一路２５８號,蘭亭苑,66,19.4,None
Taichung-city,北屯區,景賢路１０１號,七月沐樂,233,19.4,None
Taichung-city,西區華,華美西街一段１號,華第,135,19.4,40
Taichung-city,西屯區,西屯路二段１８２號,音樂花園,127,19.4,42
Taichung-city,西屯區,華美西街二段２１５號,優詩丹郡,54,19.4,None
Taichung-city,北屯區,后庄一街６３號,中清晶華,53,19.4,None
Taichung-city,南區崇,南屯路一段//崇倫北街,熊貓公園市,105,19.4,None
Taichung-city,西屯區,青海路二段//上石路,喜來登,204,19.4,None
Taichung-city,北屯區,文心路四段//興安路一段//遼陽五街,富澤台灣,177,19.4,43
Taichung-city,北區興,興進路１９５號,自在琉璃,141,19.4,93
Taichung-city,西區五,五權七街//美村路一段,天籟美術,46,19.3,45
Taichung-city,北屯區,興安路一段//崇興路一段,惠宇尊爵華廈,127,19.3,46
Taichung-city,西屯區,寶慶街//西屯路二段,白金漢宮,326,19.3,35
Taichung-city,南屯區,向上南路一段//大墩路,藝術龍庭,159,19.3,None
Taichung-city,北屯區,柳陽東街１３２號,通豪高邑,90,19.3,None
Taichung-city,南區忠,忠孝路１４９號,親家新觀,139,19.3,None
Taichung-city,西區向,向上一街１３號,揚洲小雅,29,19.3,None
Taichung-city,大里區,東榮路一段１２６號,親家W-HOUSE,103,19.3,None
Taichung-city,西區公,公益路３４７號,世紀虹,224,19.3,26
Taichung-city,北屯區,平德路１８７巷３７號,鑫園佳家福-NO2,53,19.3,None
Taichung-city,南區德,德富路//復興北路,公園苑,286,19.3,None
Taichung-city,西屯區,安和路//福科路,福華臻邸,134,19.3,None
Taichung-city,西區忠,忠勤街//公館路,文化公爵,72,19.3,None
Taichung-city,西屯區,黎明路三段//同心路,燕國天地,588,19.2,134
Taichung-city,南屯區,大墩一街//南屯路二段,現代經典,230,19.2,None
Taichung-city,北區梅,梅川西路三段１號,惠宇公爵,36,19.2,None
Taichung-city,太平區,育賢路３２１號,曙光之旅,117,19.2,None
Taichung-city,西屯區,福科路//青海路三段//福祥街,俊國福岡,270,19.2,35
Taichung-city,西屯區,大隆路５４號,國泰隆園,88,19.2,None
Taichung-city,西屯區,漢口路二段１２１號,曼哈頓,158,19.2,41
Taichung-city,西屯區,至善路//青海路二段//上明一街,戀曲1992,171,19.2,None
Taichung-city,東區自,自由路三段１０號,東京市,581,19.2,None
Taichung-city,大里區,大明路４４６號,歐米茄,168,19.2,13
Taichung-city,西屯區,大祥街//大隆路//文心路二段,文心市政,194,19.1,58
Taichung-city,西區向,向上路一段５６號,中屋綠邑,30,19.1,40
Taichung-city,南屯區,大英街２９６號,飛揚城市,47,19.1,None
Taichung-city,北屯區,景和街３３０號,昂峰詠青,127,19.1,None
Taichung-city,南屯區,文心南二路//京展街//文心南一路//向心南路//海德街,海德堡藝術廣場,357,19.1,45
Taichung-city,北屯區,中清路二段//中清路,懷石庭,107,19.1,35
Taichung-city,大里區,新芳路//大里路,大鉅虹,116,19.1,None
Taichung-city,南屯區,文心路一段//大光街//大墩１１街,龍觀天下,417,19,None
Taichung-city,潭子區,中山路一段１７號,中山佳茂會館,347,19,1
Taichung-city,北屯區,長生一街２９號,仁美大觀,28,19,None
Taichung-city,西屯區,西安街２７７巷４弄１號,格林威治,126,19,39
Taichung-city,西區華,華美街３７４號,陽光綠意,43,19,None
Taichung-city,西區忠,忠勤街//公館路,聖淘沙,70,19,None
Taichung-city,南屯區,大墩六街//大墩路,熊貓天與地,156,18.9,None
Taichung-city,西屯區,大隆路//大容西街//大恩街,文心社區,114,18.9,105
Taichung-city,西區向,向上路一段//東興路三段,新心向榮,85,18.9,45
Taichung-city,北屯區,松和街３１號,甜蜜部落格,70,18.9,None
Taichung-city,南屯區,五權西路二段６８０號,龍邦富邑,137,18.9,None
Taichung-city,北屯區,大連路三段//安順東九街//安順東十街,大連龍莊,114,18.9,None
Taichung-city,大里區,永隆七街//永大街,英升人文,36,18.9,None
Taichung-city,南屯區,寶山東二街//忠勇路,勝美市,158,18.9,None
Taichung-city,南屯區,保安一街４６號,勝美彩虹城三期,69,18.9,None
Taichung-city,中區中,中華路一段//民族路,寶崍市中欣,49,18.9,None
Taichung-city,西區華,華美街１３１號,裕國綠大地,154,18.9,63
Taichung-city,南屯區,大墩十六街//大英街,國泰名仕,41,18.9,50
Taichung-city,北屯區,北平路四段９３號,郡將真情,113,18.9,None
Taichung-city,北區篤,篤行路３３７-２號,植物苑二,82,18.9,45
Taichung-city,太平區,新福路６６巷２號,新光  順天甲子園,113,18.8,22
Taichung-city,北區民,民權路４１１號,科博之星,233,18.8,None
Taichung-city,大里區,內新街//中興路二段,大砌四方,279,18.8,None
Taichung-city,北屯區,松竹北二街５１號,水蓮一街,73,18.8,None
Taichung-city,南屯區,永春南路//忠勇路,太子新時代,126,18.8,None
Taichung-city,南區永,永南街１３號,興大奇美,36,18.8,None
Taichung-city,西屯區,上石路//青海路二段,青海國,103,18.8,None
Taichung-city,南屯區,大英街//大墩十街,熊熊新象,35,18.8,None
Taichung-city,南屯區,向上路一段６６８號,熊貓名邸,53,18.8,None
Taichung-city,南屯區,大墩六街//大英街,羅馬假期1期,119,18.8,None
Taichung-city,南屯區,黎明路二段３５９號,黎明太陽神,178,18.8,None
Taichung-city,北區博,博館一街//博館東街,館前江山,47,18.8,None
Taichung-city,北屯區,和順路//軍福十三路,櫻花見森,48,18.8,None
Taichung-city,大里區,新甲路//自立路//自強街,景川匯,120,18.8,None
Taichung-city,南區三,三民西路２３８號,檸檬樹五期,99,18.8,None
Taichung-city,北屯區,東山路一段//景和街,擁翠別墅,70,18.8,None
Taichung-city,北屯區,瀋陽路三段９０號,狀元家庭,111,18.8,None
Taichung-city,西屯區,惠來路三段//惠來路一段,中港觀日月,67,18.8,None
Taichung-city,潭子區,中興路//中山路一段,順天新科,294,18.8,None
Taichung-city,西屯區,河南路二段４７０號,大囍市,70,18.7,None
Taichung-city,西屯區,河南東一街//重慶路,全友成龍,90,18.7,None
Taichung-city,西屯區,西安街２７７巷６１號,雅園,216,18.7,37
Taichung-city,西屯區,文心路二段//大容西街//大墩十八街,文心經典,780,18.7,50
Taichung-city,北區華,西屯路二段//華美西街一段//太原路一段,華美大樓,192,18.7,None
Taichung-city,西屯區,西屯路三段１５９之６號,台中居易,232,18.7,33
Taichung-city,西屯區,青海路二段２４２號,美村非凡家,185,18.7,31
Taichung-city,北屯區,興安路二段//松竹路//松竹路二段,太子尊邸華廈,86,18.6,37
Taichung-city,西屯區,文心路三段３１２號,文華學苑,48,18.6,None
Taichung-city,西屯區,中清路//中清路二段,經貿一品,35,18.6,30
Taichung-city,南屯區,文心路一段//大墩六街//大墩五街,宏全世界廣場,435,18.6,45
Taichung-city,北屯區,文心路四段６６７號,太舜四季,181,18.6,40
Taichung-city,北屯區,景賢南二路//景賢六路,大城佛羅里達,131,18.6,None
Taichung-city,南屯區,向上路二段//黎明路二段,美村黎明,177,18.6,None
Taichung-city,南屯區,東興路三段２３９號,翡翠名門,55,18.6,None
Taichung-city,西區大,大墩十街//東興路三段,蔡田開門,74,18.6,None
Taichung-city,南屯區,大墩十一街//大英街,寶久十一街,58,18.6,None
Taichung-city,北屯區,軍福九路６００號,情定水蓮6,117,18.6,None
Taichung-city,南屯區,黎明路二段４２３號,中友生活家,333,18.6,61
Taichung-city,南屯區,黎明路二段３０２號,三采陽光麗景,168,18.6,37
Taichung-city,西屯區,至善路//青海路二段,至善綠園,117,18.6,35
Taichung-city,西屯區,河南路二段３１７號,皇家天廈,435,18.6,None
Taichung-city,大里區,東明路//西榮路,勝美大禮,231,18.5,None
Taichung-city,北屯區,建和路一段//景賢路,五月天嵐,155,18.5,None
Taichung-city,南屯區,黎明路二段６５號,皇后大道,388,18.5,None
Taichung-city,南區德,德吉街３０１號,椰城,231,18.5,None
Taichung-city,南屯區,大墩六街１０７號,上曜傑座,66,18.5,None
Taichung-city,北區綏,綏遠路一段２號,三采麗園尊邸華廈,153,18.5,56
Taichung-city,西屯區,逢甲路//至善路,漢唐盛世,201,18.5,34
Taichung-city,西屯區,大恩街//大祥街//大隆路//大墩十八街,文心及第,190,18.4,96
Taichung-city,南屯區,大英街//大光街,領袖江山,111,18.4,None
Taichung-city,西屯區,工業區一路９８巷３３弄２１號,中港第一家,48,18.4,None
Taichung-city,西區中,中美街６３９號,傑廣諾貝爾天廈Ⅱ,7,18.4,None
Taichung-city,北區文,文化街１１號,英士園邸,44,18.4,None
Taichung-city,北區進,進化北路３３０號,三采藝術尊邸,205,18.4,56
Taichung-city,北區忠,忠太西路２８號,台中大自然,45,18.3,None
Taichung-city,大里區,大智路５７９號,大智園道,101,18.3,None
Taichung-city,西屯區,青海路二段３４５號,青海新都,144,18.3,26
Taichung-city,西屯區,寶慶街５０巷４５號,富宇寶座,89,18.3,47
Taichung-city,北屯區,景賢路１６１號,太子海晏,102,18.3,None
Taichung-city,西區華,華美西街一段３３號,香榭麗廣場,153,18.3,None
Taichung-city,西屯區,西屯路二段２９７之８巷５０號,逢甲公園廣場A,110,18.3,None
Taichung-city,北屯區,軍福十三路//祥順東路二段,左岸高第,238,18.3,None
Taichung-city,大里區,甲堤南路４８號,聚合發大美,111,18.3,None
Taichung-city,大里區,環中東路六段３５８號,漂亮2 La Vie,64,18.3,None
Taichung-city,西屯區,四川路７９號,桂冠歐洲,714,18.3,None
Taichung-city,南區東,東興路一段２７號,文心高第,266,18.3,35
Taichung-city,南屯區,大業路//大聖街//大進街,三采藝術大地,150,18.3,None
Taichung-city,北屯區,太原路三段１０３號,璞玉,73,18.3,46
Taichung-city,南屯區,精誠路６７４號,采邑,87,18.2,None
Taichung-city,西屯區,永福路４２號,俊國豐田,297,18.2,84
Taichung-city,西屯區,寧夏路//重慶路,國泰逸園,87,18.2,42
Taichung-city,南屯區,文心路一段//大英西一街,陽光綠意,363,18.2,None
Taichung-city,北屯區,崇德路二段３０１號,凡爾賽,170,18.2,None
Taichung-city,西屯區,福康路５６號,中港新都心Ⅰ,68,18.2,None
Taichung-city,西區精,精誠路１３２巷２號,住合苑,16,18.2,None
Taichung-city,西屯區,黎明路三段//同心路,敦園,96,18.2,None
Taichung-city,南屯區,大墩六街//大英街,羅馬假期2期,175,18.2,None
Taichung-city,北區華,華美街二段//陝西四街,河濱意居,51,18.2,None
Taichung-city,北屯區,瀋陽路一段１０８號,一品居,39,18.2,None
Taichung-city,南區文,文心南十路//復興路一段,鑫園陽光普照,173,18.2,40
Taichung-city,南區文,文心南十路１１５巷１號,園道優閣,94,18.2,32
Taichung-city,西屯區,台灣大道四段,僑福,184,18.2,85
Taichung-city,南屯區,大墩路//大墩十一街,熊貓國寶,144,18.2,47
Taichung-city,西屯區,大墩十八街８７號,荷風名廬,33,18.2,None
Taichung-city,大里區,德芳南路//大里路,城市之星,188,18.1,None
Taichung-city,北屯區,文心路四段９９３號,文心威秀美廈,245,18.1,45
Taichung-city,西屯區,西屯路三段１６６之２５號,糖安居,94,18.1,None
Taichung-city,北區三,三民路三段６７號,興中國宅,299,18.1,None
Taichung-city,西區精,大忠街//精誠三十街,忠明翠堤,76,18.1,62
Taichung-city,南屯區,公益路二段６號,宜新名廈,42,18.1,None
Taichung-city,西屯區,文華路１３２號,新連線,330,18.1,None
Taichung-city,南屯區,大墩十四街//大英街,大墩貴族,37,18.1,None
Taichung-city,西屯區,寧夏東三街//寧夏東四街,長安寧夏,59,18.1,None
Taichung-city,北屯區,昌平路一段１５２號,皇凱名門,72,18.1,None
Taichung-city,南區工,工學二街１５１巷２８號,彩虹館,33,18.1,None
Taichung-city,太平區,新興路１５０號,櫻花村上森,184,18.1,None
Taichung-city,北屯區,太和東街１９８號,聖家鑫傳承,57,18.1,None
Taichung-city,南屯區,大英西一街//大墩六街,六街首部曲,54,18.1,None
Taichung-city,北屯區,軍榮街２號,家在e起,135,18.1,None
Taichung-city,南屯區,黎明東街１５１號,生活京華,78,18.1,None
Taichung-city,西區大,大進街１２８號,巴洛克王朝,104,18.1,None
Taichung-city,西屯區,青海路二段１５５號,青海創世紀,152,18.1,None
Taichung-city,北屯區,瀋陽北路１３巷４３號,映象水蓮,99,18,35
Taichung-city,西屯區,華美西街二段//漢成六街,華美尊爵,87,18,33
Taichung-city,北屯區,大連路二段５０號,崇德大第,107,18,32
Taichung-city,北區漢,漢口路四段３２０號,晴圓漢口市,40,18,None
Taichung-city,南屯區,南屯路二段２３０號,翰陽金墩,113,18,None
Taichung-city,南區德,德富路２１７號,綠灣優境,65,18,35
Taichung-city,西區五,五權８街１５０號,美術村,56,18,None
Taichung-city,西區五,五權西六街//五權七街//五權五街,儒林傑第,93,18,None
Taichung-city,北屯區,昌平路一段１９號,早安公園,65,18,None
Taichung-city,北區崇,崇德路一段４３８號,快樂頌,121,18,31
Taichung-city,北屯區,太和東街１１２號,情定水蓮10,110,18,None
Taichung-city,南屯區,永春東路１１０２號,新宿,143,18,None
Taichung-city,南區忠,忠孝路８２號,城市皇家,56,18,25
Taichung-city,北區梅,梅川西路三段//漢口路四段,慶橋長堤,155,18,53
Taichung-city,西屯區,西屯路二段//上石路,熊貓天下,505,18,26
Taichung-city,西區精,精誠二十二街,國泰公寓A,10,17.9,None
Taichung-city,南區文,文心南路５５０號,超級大文心,137,17.9,None
Taichung-city,南屯區,大英街//大墩十街,甲第二期,40,17.9,None
Taichung-city,西區精,精誠路１２６號,精誠名邸,68,17.9,40
Taichung-city,北屯區,天津路四段//文心路四段,總統閣廈,777,17.9,None
Taichung-city,西屯區,寧夏西四街//成都路,綠茵房,77,17.9,None
Taichung-city,東區東,東英七街//二聖街,元鈞蒔繪,44,17.9,None
Taichung-city,南屯區,東興路二段225號,鼎佑讚,116,17.9,None
Taichung-city,南屯區,南屯路二段//東興路一段,東興陽光,103,17.9,None
Taichung-city,北屯區,軍福十六路２８３號,勝美樹,238,17.9,None
Taichung-city,西屯區,河南路二段４０號,新鳳凰城,201,17.9,43
Taichung-city,西區五,五權西六街１６８號,安親班大樓,38,17.9,None
Taichung-city,北屯區,文心路四段８７１號,宏全新中國,184,17.9,None
Taichung-city,北屯區,中清路//中清路二段,文藝復興,66,17.8,None
Taichung-city,西屯區,漢成六街３４號,十方意境,82,17.8,None
Taichung-city,北區文,文昌東一街//漢口路四段,春風得意,120,17.8,None
Taichung-city,北屯區,松竹路二段３６０號,愛的世界,258,17.8,None
Taichung-city,北屯區,梅川東路四段//天津路三段,天津梅園,94,17.8,None
Taichung-city,西區中,中美街３６５號,漢陞京華,68,17.8,None
Taichung-city,南區高,高工路４５６號,天下一家,105,17.8,None
Taichung-city,南屯區,大墩十二街//文心路一段,文心尊龍,169,17.8,None
Taichung-city,西區五,五權８街１１９號,美村意境,77,17.8,None
Taichung-city,西屯區,工業區一路９８巷９號,溫馨園,51,17.8,None
Taichung-city,東區一,一心街２３５號,森林公園1號,367,17.8,None
Taichung-city,西屯區,寧夏路//漢口路二段//寧漢街,漢口寧夏,128,17.8,41
Taichung-city,北屯區,崇德六路一段５１號,太子蘭坊,94,17.8,60
Taichung-city,南屯區,大昌街//大業路,龍之國,36,17.8,65
Taichung-city,北區梅,梅川西路四段//文心路四段,中友文心園邸,316,17.8,40
Taichung-city,北屯區,太原路三段３４５巷２號,檸檬樹1期,130,17.8,None
Taichung-city,北屯區,文心路四段８２１號,我愛龍邦,318,17.8,18
Taichung-city,西屯區,西屯路二段１２０號,碧根生活館,20,17.8,None
Taichung-city,南屯區,河南路四段４９２號,大家築,83,17.8,None
Taichung-city,南屯區,公益路二段５０７號,熱心公益,84,17.8,None
Taichung-city,南屯區,大墩二街１７號,齊家臻品,34,17.7,None
Taichung-city,西屯區,寧漢街//漢口路二段//華美西街二段,園邸園,150,17.7,None
Taichung-city,西屯區,工業區一路６巷１０號,君臨天下,99,17.7,None
Taichung-city,大里區,大里二街７２號,公園綠邑,55,17.7,38
Taichung-city,西屯區,中工二路８０號,鉅國京都,61,17.7,None
Taichung-city,太平區,育才路//立功路,豐邑 公園IPARK,154,17.7,42
Taichung-city,西屯區,寶慶街//河南路二段,勇建通商,244,17.7,None
Taichung-city,北屯區,建和路一段４２６號,九月采掬,193,17.7,None
Taichung-city,西屯區,大恩街１４號,一品官邸,33,17.7,None
Taichung-city,南屯區,向上路五段//忠勇路,親家莊,175,17.7,None
Taichung-city,北屯區,遼陽一街３３號,文心青邁,34,17.7,None
Taichung-city,太平區,立文街１９５號,櫻花青邁,245,17.7,None
Taichung-city,北屯區,文昌二街//梅川東路四段,國泰維瓦第花園,147,17.7,50
Taichung-city,西區美,美村路一段２７２號,龍邦美村,105,17.7,None
Taichung-city,北屯區,梅川西路四段//旅順路一段,三采藝術林園,169,17.7,50
Taichung-city,南區德,德富路//德祥街,歌德堡,248,17.7,35
Taichung-city,西屯區,工業區一路９８巷１５號,寬寬的家,85,17.7,33
Taichung-city,西屯區,工業區一路９８巷７弄６０號,中港臻邸,95,17.7,44
Taichung-city,西屯區,何厝街６７巷２８號,厚昌磚情,33,17.7,None
Taichung-city,北屯區,崇德路二段//大連路二段,大地交響美廈,533,17.6,40
Taichung-city,北區博,博館路１０號,植物苑一,56,17.6,50
Taichung-city,北屯區,陳平路//陳平一街,感恩大地,145,17.6,33
Taichung-city,北區北,福壽街//北平二街//北平三街//華美街二段,中清國宅,213,17.6,None
Taichung-city,大里區,爽文路９６２號,首睿,52,17.6,None
Taichung-city,西區美,美村路一段８０２號,貝多芬,157,17.6,None
Taichung-city,太平區,新興二街//旱溪東路二段,水岸之星,256,17.6,None
Taichung-city,西屯區,文心路三段２０號,德安臻藏,74,17.6,152
Taichung-city,北區陝,陝西路//北平路一段,大英帝國,80,17.6,None
Taichung-city,北屯區,軍福十六路２７１號,富宇晴光花園,272,17.6,None
Taichung-city,北屯區,祥順六街１２３號,磐峰璞原,80,17.6,None
Taichung-city,北屯區,太和一街１３３號,藝33,35,17.6,None
Taichung-city,南屯區,大進街//向上路一段,寶璽尊邸,102,17.6,70
Taichung-city,南屯區,永春東路//萬和路一段,八大家,330,17.6,40
Taichung-city,北屯區,崇德路二段//松竹路三段//崇德六路,快樂崇德,245,17.6,None
Taichung-city,北區興,興進路１７１號,惠宇真諦,153,17.6,45
Taichung-city,大里區,永隆九街//永隆路,中興新大禮,171,17.6,26
Taichung-city,西屯區,永昌一街//寧夏路,文華麗京,146,17.5,43
Taichung-city,南屯區,楓和路//楓樹巷,德鑫楓華,86,17.5,None
Taichung-city,北屯區,建和路一段４１０號,三月花見,125,17.5,None
Taichung-city,西區大,大昌街２１６號,五期最綠,23,17.5,None
Taichung-city,北屯區,祥順六街６號,大任品謙,73,17.5,None
Taichung-city,北屯區,軍榮一街//環中東路二段,新麗馳,176,17.5,None
Taichung-city,南區文,文心南路//大慶街一段,文心及第,259,17.5,32
Taichung-city,北屯區,永興街//青島路三段,里仁為美,162,17.5,50
Taichung-city,北區進,進化路３７２號,諾貝爾,113,17.5,45
Taichung-city,龍井區,遊園北路４６７號,靜崗別墅III,35,17.4,70
Taichung-city,西屯區,永福路//福科路,俊國萬里日座,182,17.4,33
Taichung-city,西屯區,福科路//永福路,俊國萬里星座,133,17.4,None
Taichung-city,西屯區,重慶路３３２號,國產狀元,97,17.4,32
Taichung-city,西屯區,西屯路二段２９７之８巷１０號,瑞華芳園,78,17.4,None
Taichung-city,大里區,立中街//自強街,澄品,97,17.4,None
Taichung-city,西區精,精誠二十一街,漢諾瓦街,47,17.4,None
Taichung-city,北屯區,河北路二段//天津路三段,天津和氏璧,56,17.4,None
Taichung-city,北屯區,軍福七路３６號,六月微風,156,17.4,None
Taichung-city,西屯區,大洲街//大墩十八街//大墩１８街,麥斯威爾,29,17.4,48
Taichung-city,南屯區,忠勇路//嶺東南路,泉福天郡,115,17.4,None
Taichung-city,北屯區,山西路二段//大連路一段,敬建築,40,17.4,None
Taichung-city,北屯區,和福路//建和路二段//軍福十三路,佳福謙邑,199,17.4,None
Taichung-city,北屯區,敦化路//敦化路一段,夢公園,174,17.4,None
Taichung-city,太平區,太順路３７５號,勝美誠,277,17.4,None
Taichung-city,北區中,中清路一段１０８號,松鶴名門,149,17.4,None
Taichung-city,南區德,德祥街//德鑫街,鑫園BOX,87,17.4,None
Taichung-city,南區建,建國南路一段２４１號,親家MYHOME,214,17.4,None
Taichung-city,南屯區,大墩路//向上路一段,寶璽公園爵邸,109,17.4,45
Taichung-city,西屯區,寧夏路８９巷６號,大家,143,17.4,50
Taichung-city,西屯區,福雅路//西屯路三段,莎士比亞,148,17.3,99
Taichung-city,北屯區,太原路三段//景賢南二路,大城比佛利,169,17.3,None
Taichung-city,西區大,大忠南街//五權西路,孟居,83,17.3,None
Taichung-city,南屯區,向上路三段６１號,黎明春秋,361,17.3,None
Taichung-city,大里區,自強街２９巷１號,大城優勝美地,184,17.3,None
Taichung-city,北屯區,太原路三段１３１５號,總太明日,643,17.3,None
Taichung-city,北屯區,松竹五路二段//松竹五路,情定水蓮8,57,17.3,None
Taichung-city,南區東,東興路一段//德祥街,高巢,120,17.3,None
Taichung-city,西屯區,工業區一路２巷５號,綠坡庭,97,17.3,None
Taichung-city,北區梅,梅亭街１９６號,惠宇伯爵,65,17.3,None
Taichung-city,北區衛,衛道路//大德街,幸福進行曲,63,17.3,None
Taichung-city,西屯區,四川路１４６號,歐洲新象,81,17.3,None
Taichung-city,西屯區,中清西二街//長安路二段,萬紫千紅,101,17.2,None
Taichung-city,西屯區,重慶路２７９號,狀元吉第,51,17.2,None
Taichung-city,北屯區,松竹五路//松竹五路二段//旱溪東路三段,晴川岸,86,17.2,None
Taichung-city,西屯區,河南東四街//成都路,成都名邸,44,17.2,None
Taichung-city,太平區,新興路８號,悠活郡,391,17.2,None
Taichung-city,北區華,華美街二段２２８號,寶璽樸園,68,17.2,None
Taichung-city,南屯區,大墩十二街//河南路四段//黎明東街,三采市政雙星,160,17.2,81
Taichung-city,西屯區,青海路二段２０９號,復興青海特區,82,17.2,36
Taichung-city,北屯區,北興街４３號,順天老椰,64,17.1,None
Taichung-city,西區臺,台灣大道二段//健行路//博館三街//華美街,中港裕毛屋,111,17.1,None
Taichung-city,南區復,復興路二段７１巷５０號,馬蒂斯,65,17.1,None
Taichung-city,北屯區,九龍街//北屯路,風格畫境,134,17.1,None
Taichung-city,北屯區,大連路三段２１巷１７號,川普皇家,112,17.1,None
Taichung-city,南屯區,大英街２９２號,政邦及第,25,17.1,None
Taichung-city,北屯區,崇德路二段５１號,崇德巴黎,80,17.1,None
Taichung-city,西屯區,寧夏路１９９號,登科名揚,28,17.1,None
Taichung-city,太平區,立智街106號,佳福帝璽,153,17.1,None
Taichung-city,太平區,立智街８６號,佳福皇璽,156,17.1,None
Taichung-city,南區三,三民西路２４１號,恩寵一生,101,17.1,None
Taichung-city,北區東,東光三街２５號,翠堤河岸,48,17.1,None
Taichung-city,太平區,旱溪西路二段２４１號,大河戀,406,17.1,None
Taichung-city,北區雙,雙十路二段//錦南街,惠宇椰風名廈,119,17.1,30
Taichung-city,北屯區,北屯路５３３巷１７５、１７７號,龍邦皇家-華廈,23,17.1,None
Taichung-city,南區西,西川一路１３９號,狀元甲天下,70,17.1,None
Taichung-city,西屯區,重慶路３１６號,皇凱富寓,100,17,23
Taichung-city,西屯區,逢大路//文華路,大鵬新城,1286,17,57
Taichung-city,西屯區,皇城街２８號,皇城帝寶,467,17,37
Taichung-city,西屯區,寧夏路２０２號,翰林世家,101,17,None
Taichung-city,北屯區,興安路二段４６１巷５８弄１號,太子新象,97,17,None
Taichung-city,西屯區,工業區一路８０號,艾菲爾,133,17,48
Taichung-city,東區自,自由路四段１９８號,麗盛花都,85,17,None
Taichung-city,大里區,益民路二段//大明路,麗園華廈,69,17,None
Taichung-city,大里區,現岱路//中興路二段,佳福雙璽,106,17,None
Taichung-city,西屯區,台灣大道四段６９８號,中港天廈,66,17,None
Taichung-city,南屯區,東興路二段//大墩三街//大墩二街//東興北街,鑫園,131,17,None
Taichung-city,南區大,大慶街二段１５巷１１號,望族NO1,235,17,None
Taichung-city,西屯區,西屯路二段//河南路二段,名流廣場,235,17,29
Taichung-city,北屯區,文心路四段４６２號,天之驕子,160,17,None
Taichung-city,西屯區,福中七街３５號,都會風尚,75,17,None
Taichung-city,北屯區,太和東街１８８號,情定水蓮11,62,17,None
Taichung-city,太平區,祥順路一段４７號,新光和園,138,17,None
Taichung-city,北區民,民權路//明道街,國泰公寓,146,17,None
Taichung-city,南區美,美村路二段//南昌街,復新名邸,137,17,45
Taichung-city,北屯區,后庄北路１８５號,聖府晶華,176,16.9,31
Taichung-city,西屯區,長安路二段１６１號,長安大街,122,16.9,None
Taichung-city,北區山,山西路二段８２號,不老林園,86,16.9,35
Taichung-city,北屯區,敦化路一段//中清路,中清大第,187,16.9,25
Taichung-city,北屯區,柳陽東街//文昌東九街,永聚芳鄰,75,16.9,None
Taichung-city,太平區,樹孝路４８１號,裕國豐順,174,16.9,None
Taichung-city,南屯區,大墩五街３０６號,向榮園,53,16.9,None
Taichung-city,北區太,太原路一段//忠明八街,生活麗境,77,16.9,None
Taichung-city,北屯區,松竹五路//松竹五路二段,情定水蓮5,125,16.9,None
Taichung-city,西屯區,西屯路三段//福康路,台中陽明,204,16.9,68
Taichung-city,西屯區,西屯路二段２６０之１３號,富貴村,79,16.9,None
Taichung-city,西屯區,福康路//西屯路三段,夢想家大樓,78,16.8,74
Taichung-city,西屯區,河南路//河南路一段//內江街,文華觀邸,72,16.8,None
Taichung-city,北屯區,松義街//松竹路//松竹路二段,順天香吉市,299,16.8,None
Taichung-city,西區大,大忠南街//五權西路,孟居山水風情,151,16.8,50
Taichung-city,南區復,大慶街二段//復興北路,望族NO2,313,16.8,None
Taichung-city,北屯區,熱河路二段//瀋陽路三段//遼陽四街,文心大第,97,16.8,None
Taichung-city,北屯區,太和東街１３６號,幸福森林,105,16.8,None
Taichung-city,北屯區,梅川東路四段//安順二街//旅順路一段,牛津風情畫,140,16.8,None
Taichung-city,西屯區,工業區一路９８之２１號,十全御景,98,16.8,36
Taichung-city,北區學,學士路１８３號,大學仕,66,16.8,None
Taichung-city,西區模,民權路//篤行路//模範街,大和別墅區,34,16.7,None
Taichung-city,西屯區,河南東一街１９號,名門世家,40,16.7,None
Taichung-city,北屯區,景和東街３５２號,日紡國寶,100,16.7,None
Taichung-city,南屯區,大墩一街９５巷６號,翰陽尊邸,67,16.7,None
Taichung-city,北屯區,遼陽北二街//遼陽北一街,房事九七,49,16.7,None
Taichung-city,北屯區,太順路２６號,裕國豐展,230,16.7,None
Taichung-city,北屯區,和福路１６６號,日光花園,102,16.7,None
Taichung-city,大里區,新仁路一段７１之１號,城上城,253,16.7,None
Taichung-city,西區公,公館路２５５號,大公館,76,16.7,None
Taichung-city,西區樂,樂群街//三民西路,寶璽荷園,67,16.7,34
Taichung-city,西屯區,西屯路三段１６９之１號,御景江山,194,16.6,64
Taichung-city,西屯區,福雅路//西屯路三段,新都心Ⅱ,43,16.6,32
Taichung-city,南區文,文心南路７６１號,國雄新家,79,16.6,None
Taichung-city,西屯區,重慶路３９３號,陽光柏園,24,16.6,None
Taichung-city,南區忠,忠明南路//復興路二段,家綠寶,248,16.6,42
Taichung-city,南區忠,忠明南路７６１號,佛羅里達,240,16.6,None
Taichung-city,北屯區,興安路二段７號,晴圓興安市,106,16.6,42
Taichung-city,西屯區,上石路//青海路二段,青海公園特區,67,16.6,35
Taichung-city,北屯區,瀋陽路一段//梅川西路四段,翠西梅諾I,77,16.5,68
Taichung-city,北區梅,梅川西路四段１４７號,鮮境,296,16.5,34
Taichung-city,北屯區,敦化路一段//中清路,我城NO.2,116,16.5,30
Taichung-city,北屯區,建和路一段９９號,坤悅O2,97,16.5,None
Taichung-city,北區太,太原一街//太原北路,左右逢源,124,16.5,None
Taichung-city,北屯區,柳陽西街９２巷２號,頂好文心,504,16.5,None
Taichung-city,南屯區,東興路二段//大墩七街,歐香家園,47,16.5,None
Taichung-city,北屯區,和福路２２８號,日安花園,107,16.5,None
Taichung-city,南屯區,黎明路二段//向上路三段,黎明玉璽,130,16.5,None
Taichung-city,西區中,中美街６３１號,景陶園,31,16.5,None
Taichung-city,西屯區,長安路二段７１巷９弄３６號,大阪城,55,16.5,None
Taichung-city,南屯區,忠勇路２３之１５號,春揚大第,69,16.5,None
Taichung-city,北屯區,安順東二街//瀋陽路一段//安順一街,皇家豪門,75,16.5,None
Taichung-city,南屯區,文山十街//嶺東路//寶山三街//寶山五街,匯元雅第,63,16.5,None
Taichung-city,北屯區,同榮一街//同榮路//新興路,微笑小城,83,16.5,None
Taichung-city,南區柳,三民西路//柳川東路一段,君臨天廈,221,16.5,None
Taichung-city,南區建,建國南路一段//東興路一段,我家天廈,167,16.5,None
Taichung-city,西屯區,工業區一路６０之１號,華爾道夫,97,16.5,None
Taichung-city,西屯區,甘肅路一段//寧夏西七街//漢口路二段,皮爾凱登,354,16.5,None
Taichung-city,南區信,信義南街//學府路,京華,150,16.4,None
Taichung-city,西屯區,皇城街１３號,皇城園邸,296,16.4,58
Taichung-city,南區復,大慶街二段//復興路一段//復興北路,文心大國民,323,16.4,None
Taichung-city,南區復,復興路二段７１巷３３號,薪享市城,77,16.4,None
Taichung-city,北屯區,遼寧路一段６之１號,北屯文心,146,16.4,None
Taichung-city,南區仁,仁和路２８０號,富貴家族,80,16.4,None
Taichung-city,南屯區,大墩十五街//大墩路,寶璽頤園,42,16.4,None
Taichung-city,北屯區,太和一街１２３號,一月春語,64,16.4,None
Taichung-city,北屯區,環太東路６２１號,總太青境,470,16.4,None
Taichung-city,北屯區,大連路一段//山西路二段,漢武第,102,16.4,None
Taichung-city,北屯區,軍福十九路６號,花樣年華,135,16.4,None
Taichung-city,北屯區,中清路//中清路二段//敦化路,尚通珍品,87,16.4,None
Taichung-city,東區旱,旱溪東路一段２９０號,水鋼琴,147,16.3,None
Taichung-city,南區美,南和路//美村南路,朋莊,458,16.3,None
Taichung-city,北屯區,景賢二路５０號,班芙春泉,151,16.3,None
Taichung-city,太平區,新福路４８號,幸福美滿,153,16.3,None
Taichung-city,西屯區,西屯路三段//宏福三巷,非凡比Ⅱ天下第一景,90,16.3,None
Taichung-city,南區德,德祥街９號,文心大鎮,128,16.3,None
Taichung-city,西屯區,中清路//中康街,富宇新天地,124,16.3,None
Taichung-city,南區南,南和路１９７號,龍邦綠園道,320,16.3,30
Taichung-city,東區旱,旱溪東路一段３００號,大無限,251,16.2,None
Taichung-city,北屯區,敦化路//敦化路一段//中清路,麥克阿瑟,242,16.2,43
Taichung-city,北屯區,敦化路//敦化路一段,大視界,135,16.2,40
Taichung-city,東區旱,旱溪東路一段２９６號,陽光城市,111,16.2,None
Taichung-city,北屯區,松竹路二段//松竹路//松安街,丞虹丹青,272,16.2,32
Taichung-city,北區綏,綏遠路一段１號,衛道大第,78,16.2,None
Taichung-city,太平區,立智街２號,勝麗威登,158,16.2,None
Taichung-city,西屯區,福上巷//皇福街,福上新城,185,16.2,None
Taichung-city,西屯區,大容東街１２６號,敦煌名園,70,16.2,None
Taichung-city,東區樂,樂業路４０１號,樂業京站,61,16.2,None
Taichung-city,大里區,現岱路//中興路二段,安格花園,95,16.2,None
Taichung-city,南區復,復興路一段//樹德三巷,一品華廈美樹館(中邑一品),240,16.2,None
Taichung-city,北屯區,永興街//青島路三段,國泰怡園,128,16.2,None
Taichung-city,大里區,東明路//光榮街//六桂路//益民路二段,儷景雙星,139,16.2,None
Taichung-city,北屯區,瀋陽北路６５巷１２號,快樂童年,92,16.1,27
Taichung-city,北屯區,平德路１２８號,發現之旅,51,16.1,None
Taichung-city,南區文,東興路一段//文心南十路,未來之翼,609,16.1,None
Taichung-city,北屯區,中清路二段４５１號,龍邦鳳翔,196,16.1,None
Taichung-city,北屯區,北屯路//九龍街,國際莊園,334,16.1,None
Taichung-city,北屯區,北屯路２３２之１號,光之郡,110,16.1,None
Taichung-city,南區德,德富路８１號,德昌寶城,53,16.1,None
Taichung-city,北屯區,旅順路二段４２０號,大侑天地,103,16.1,None
Taichung-city,大里區,新甲路//立中街,聖家鑫傳奇,70,16.1,None
Taichung-city,北屯區,興安路二段４６１巷５０號,太子松竹,118,16.1,None
Taichung-city,北屯區,中清路//中清路二段//后庄一街,三采藝術新象,282,16.1,None
Taichung-city,南屯區,忠勇路１０７號,凱撒風景園邸,412,16.1,None
Taichung-city,西屯區,中康街１８１號,水湳大街,88,16.1,None
Taichung-city,西屯區,長安路二段１４１號,喜洋洋,146,16.1,37
Taichung-city,北屯區,松竹路二段７０１號,太子臻品,94,16.1,None
Taichung-city,西屯區,工業區一路//工業區,浪漫貴族,352,16.1,10
Taichung-city,西屯區,寧夏路//文心路三段,俊國京華,75,16,None
Taichung-city,北屯區,東山路一段１４６號,孩子國,367,16,None
Taichung-city,北屯區,祥順路一段５００號,總太悅來,98,16,None
Taichung-city,北屯區,松順一街//昌平路二段//崇德三路//崇德五路,第凡內,141,16,None
Taichung-city,南區柳,柳川東路一段５號,美術堤香,59,16,33
Taichung-city,北區興,興進路１０５號,彥京綠大地,95,16,40
Taichung-city,北屯區,松義街//松竹路,大地華城,104,15.9,None
Taichung-city,西屯區,工業區一路５８巷１０弄１５號,中港福家,100,15.9,None
Taichung-city,西屯區,西屯路三段１６４之１５號,羅曼羅蘭,66,15.9,141
Taichung-city,北屯區,九龍街//北屯路,凱悅VIP,222,15.9,None
Taichung-city,南區大,大慶街二段５－５號,健康世界,277,15.9,None
Taichung-city,北區漢,漢口路四段３６９號,長虹天廈,219,15.9,None
Taichung-city,北屯區,中清路二段//中清路//后庄一街,花園新都,90,15.9,None
Taichung-city,南區忠,忠明南路１１１８－７號,興大公園家,33,15.9,None
Taichung-city,太平區,育賢路//育德路,太子鎮,331,15.8,None
Taichung-city,南區學,學府路１２６號,京邑,88,15.8,None
Taichung-city,北屯區,敦化路一段//中清路,我城NO.1,173,15.8,31
Taichung-city,北屯區,興安路二段//平興街//崇德二路一段,文心凱旋1期,343,15.8,34
Taichung-city,北屯區,昌平路二段//松竹路二段//松竹路,國產金獎,441,15.8,None
Taichung-city,東區自,自由路四段２６７號,麗源麗緻,94,15.8,None
Taichung-city,大里區,大明路２６６號,富邑名園,27,15.8,None
Taichung-city,南屯區,大墩二街//精誠路,華太天第,80,15.8,None
Taichung-city,南區工,工學路１１３號,寶三縱橫天廈,128,15.8,30
Taichung-city,南區德,德富路//大慶街一段//高工路,長億南園,250,15.8,None
Taichung-city,南屯區,大墩十四街１８１號,神仙家庭,28,15.8,None
Taichung-city,大里區,永隆八街８６號,順億雙星,43,15.8,None
Taichung-city,南區建,建國南路二段１５１號,順天第一名邸,135,15.8,None
Taichung-city,北區太,太原路二段//山西路一段,唐寧爵邸,136,15.8,None
Taichung-city,南屯區,保安五街//忠勇路//保安三街//文山六街,福慧明珠,85,15.8,None
Taichung-city,北屯區,旅順路一段７７號,綠邑大樓,18,15.8,None
Taichung-city,北屯區,雷中街１１２巷２號,衛道天地,112,15.8,None
Taichung-city,西屯區,工業區一路９８巷７弄４０號,中港白宮,72,15.8,36
Taichung-city,西屯區,工業區一路５８巷３３弄３３號,攬翠山林,83,15.8,49
Taichung-city,南區南,南平一街２７號,春秋1,67,15.7,30
Taichung-city,北屯區,敦化路//敦化路一段//中清路,海闊天空,132,15.7,None
Taichung-city,北屯區,遼寧路一段//大連路三段//平興街//遼陽六街,文心凱旋2期,535,15.7,31
Taichung-city,西屯區,工業區一路９８之５號,景繡,115,15.7,41
Taichung-city,北區英,英才路２８６號,儷宮,48,15.7,None
Taichung-city,南區忠,忠明南路７２０號,園緣,133,15.7,None
Taichung-city,南屯區,大墩十街２４０號,名流雅集,25,15.7,None
Taichung-city,太平區,樹孝路５１０號,坤悅淳境,80,15.7,None
Taichung-city,南區工,工學一街//工學二街,廣三大時代,1212,15.7,None
Taichung-city,南區美,三民西路//美村路二段//懷寧街,領袖勳章,219,15.7,None
Taichung-city,太平區,大仁街//中平路,三上悅讀,83,15.7,None
Taichung-city,西屯區,大進街７０２號,山水集,43,15.7,None
Taichung-city,南屯區,保安五街//忠勇路//保安六街,佳府世家,111,15.7,None
Taichung-city,南區五,五權南路４７８號,興大生活家,89,15.7,None
Taichung-city,北屯區,文昌東十二街１５號,寶璽綠邸,148,15.7,None
Taichung-city,西區南,南屯路一段１４８號,崇倫大廈,421,15.7,45
Taichung-city,北屯區,松竹路二段//松竹路,太子鄉廈三期,140,15.7,None
Taichung-city,西屯區,福科路//青海路三段//福雅路,中港理想家,171,15.6,72
Taichung-city,西屯區,長安路二段//福上巷大豐,文心雕龍,131,15.6,None
Taichung-city,北屯區,崇德六路一段//昌平路二段//松文街//松和街,文心中華,295,15.6,None
Taichung-city,南區建,建成路１７０３號,大學之道,130,15.6,None
Taichung-city,南區忠,柳川西路一段//忠明南路,綠園藝境,29,15.6,None
Taichung-city,北屯區,北屯路２８４號,太宇尊爵,401,15.6,None
Taichung-city,南屯區,大墩路５１９號,華爾街天廈,101,15.6,None
Taichung-city,南區德,德富路//樹義二巷,中國小莊,138,15.6,None
Taichung-city,南區新,新和街９８號,安室美家,65,15.6,25
Taichung-city,北屯區,文心路四段//遼陽四街,人間美村,245,15.6,25
Taichung-city,西屯區,工業區一路５８巷１１弄３６號,大豪景,98,15.6,39
Taichung-city,西屯區,成都路２７７號,牛津世界,74,15.5,None
Taichung-city,北屯區,崇德七路//崇德路二段,普天大廈,141,15.5,35
Taichung-city,大里區,中湖路//長春路,櫻花LV,238,15.5,None
Taichung-city,北屯區,熱河路二段１９６號,東正王朝A,65,15.5,None
Taichung-city,南區學,學府路//復興路三段,大東家－華園,226,15.5,None
Taichung-city,西屯區,成都路//河南東四街//河南東二街,文心樓,140,15.4,66
Taichung-city,北區錦,錦中街//錦南街//雙十路二段//十路二段,莒光新城,1081,15.4,None
Taichung-city,北區美,美德街//民權路,民權福邸,33,15.4,None
Taichung-city,北屯區,柳陽東街//平興街,寶璽翠庭,186,15.4,None
Taichung-city,北屯區,興安路一段//柳陽東街,文心翠堤園,76,15.4,None
Taichung-city,東區興,興大路//台中路,儂特綠,89,15.4,None
Taichung-city,北屯區,崇德六路//昌平路二段,宏忠畫世紀,202,15.4,None
Taichung-city,北屯區,安順東七街１８號,傑隆天廈,79,15.4,None
Taichung-city,北區興,興進路２１３號,錦德名廈,24,15.4,None
Taichung-city,西屯區,福安路５５巷３號,新聯合國,455,15.4,81
Taichung-city,西區大,精誠路//大墩１９街//精明一街,麥克阿瑟,108,15.3,99
Taichung-city,西區民,民生路//忠明南路,忠明新廈,56,15.3,None
Taichung-city,南區復,復興路二段１５巷７號,名人村,49,15.3,None
Taichung-city,北屯區,中清路//中清路二段,三采海頓世紀,91,15.3,None
Taichung-city,南區建,建成路１８４６號,建成園景,38,15.3,None
Taichung-city,西區中,中興街５５號,莫內花園,44,15.3,None
Taichung-city,南屯區,東興路二段//大墩七街,智慧林園,58,15.3,None
Taichung-city,北屯區,安順四街//安順東八街//瀋陽路三段,魯班中國,97,15.3,None
Taichung-city,南屯區,寶山二街//向上路五段//寶山三街,蔚藍海岸,149,15.3,None
Taichung-city,北屯區,大連路一段１８２號,歐香大廈,31,15.3,None
Taichung-city,南區學,學府路１４９號,大東家－南園,203,15.3,None
Taichung-city,南區美,美村路二段//懷寧街//光輝街,碧夏庭,208,15.3,None
Taichung-city,南區美,美村南路１０７巷３６號,健康綠園道,69,15.3,32
Taichung-city,東區十,十甲路//東英十一街,富甲干城A棟,222,15.2,None
Taichung-city,北區天,天津路二段３３號,太億金座I,108,15.2,44
Taichung-city,南區復,大慶街二段//復興路一段,柳暗花明,280,15.2,None
Taichung-city,南區高,高工路//高工南路//工學二街,大慶國宅,362,15.2,None
Taichung-city,南區信,信義南街//有恆街//公理街,得意的居,140,15.2,None
Taichung-city,北屯區,崇德五路//熱河路三段,名人園邸,120,15.2,None
Taichung-city,南屯區,保安六街//嶺東路//忠勇路//向上路五段,五權花園,175,15.2,None
Taichung-city,南屯區,保安六街//嶺東路,五權豪門,79,15.2,None
Taichung-city,南屯區,寶山五街//南屯路三段,儷園華廈,47,15.2,None
Taichung-city,北屯區,瀋陽路三段５０號,皇家金邸,40,15.2,None
Taichung-city,北屯區,中清路//中清路二段,歡樂家族,77,15.2,None
Taichung-city,南區南,南平路１６７號,全友歐堡,49,15.2,None
Taichung-city,西屯區,西屯路三段宏福三巷９號,非凡比Ⅰ,87,15.1,79
Taichung-city,東區十,十甲路３９９號,富甲干城B棟,147,15.1,None
Taichung-city,北屯區,熱河路二段//天津路四段,崇德第一家,202,15.1,None
Taichung-city,大里區,青松街１５４號,第一家庭-二期A區,76,15.1,None
Taichung-city,北區漢,漢口路四段//永興街,生活名家,28,15.1,None
Taichung-city,南屯區,保安六街//嶺東路//文山六街,愛人同志,109,15.1,None
Taichung-city,南區忠,忠明南路１２１１號,牛津,57,15.1,36
Taichung-city,西屯區,福順路//福康路,凱撒金邸,176,15.1,42
Taichung-city,南區學,學府路１４８號,京都,420,15,None
Taichung-city,太平區,樹孝路３１３號,長億新平華廈,303,15,None
Taichung-city,大里區,達明路//中興路二段,天邑,109,15,None
Taichung-city,北屯區,遼陽北一街//瀋陽路三段,雅國皇家,62,15,None
Taichung-city,北屯區,后庄一街//中清路//后庄二街//庄內巷,寶貴世家,164,15,31
Taichung-city,南區工,工學北路//工學路,長億香榭,572,15,None
Taichung-city,南屯區,寶山三街//忠勇路//文山九街//向上路五段//寶山五街//德興巷,藝術羅丹,156,15,None
Taichung-city,南屯區,忠勇路１０５之１６號,巴黎四季,90,15,None
Taichung-city,北屯區,祥順一街９９號,鼎川優閣,23,15,None
Taichung-city,南區五,五權南路１９１號,金馬雙星,95,15,None
Taichung-city,南屯區,干城街３２８號,中友御品,76,15,100
Taichung-city,西屯區,福聯街//福順路//玉門路,瑞聯天地Q區,318,14.9,41
Taichung-city,南區工,工學路１１６號,長億攬翠,664,14.9,None
Taichung-city,南區南,南陽街５７號,大安黃金城,307,14.9,None
Taichung-city,南區合,合作街３２６號,封科大樓,60,14.9,32
Taichung-city,北屯區,梅川西路四段３２０號,非凡比,64,14.9,None
Taichung-city,南屯區,寶山六街//嶺東路//文山十街,世紀龍門,169,14.9,None
Taichung-city,西屯區,長安路二段//中清路,大福新城,212,14.9,None
Taichung-city,北屯區,敦化路//敦化路一段//中清路//陳平一街,翡翠皇宮,93,14.9,None
Taichung-city,西屯區,中康街２００號,春暉大地,117,14.9,None
Taichung-city,西屯區,工業區一路６號,花園大廈(台開),202,14.8,None
Taichung-city,北屯區,崇德路二段３４６巷２５弄６號,太平洋皇家廣場,163,14.8,None
Taichung-city,南區學,學府路//復興路三段,樸園,286,14.8,None
Taichung-city,南屯區,南屯路二段１５號,大墩天廈,199,14.8,None
Taichung-city,南屯區,大英街４９３號,得意卿家,26,14.8,None
Taichung-city,北區進,進化北路３９６號,新新加坡,100,14.8,40
Taichung-city,大里區,西榮路//東明路,學府世家,52,14.8,None
Taichung-city,南區建,建成路１０３０號,藝術哈佛,44,14.8,None
Taichung-city,南屯區,忠勇路１１５之６號,親家一期,44,14.8,None
Taichung-city,南區國,忠孝路//國光路,美村大博士,136,14.8,None
Taichung-city,北屯區,遼寧路二段//松竹路//松竹北路,生活贏家,190,14.7,None
Taichung-city,太平區,新福十六街//振武路,日安大道,210,14.7,None
Taichung-city,西屯區,福強街１１１號,瑞聯天地C區,136,14.7,None
Taichung-city,大里區,大智路５６７號,大智花園城,405,14.7,None
Taichung-city,大里區,東明路//六桂路,金芝園(東明),36,14.7,None
Taichung-city,西屯區,工業區一路７２巷３０號,中港綠洲,71,14.7,None
Taichung-city,南屯區,忠勇路５２之６０號,台中天母,170,14.7,None
Taichung-city,南屯區,五權西路三段//南屯路三段,錦繡江山,105,14.7,None
Taichung-city,南屯區,寶山二街//德興巷//文山九街,成億建設,42,14.7,None
Taichung-city,北屯區,中清路//中清路二段,九華御庭,118,14.7,None
Taichung-city,南區文,文心南路//福田二街,文心大地,207,14.7,35
Taichung-city,南區五,五權南路//南平路,五權天下,241,14.7,None
Taichung-city,北區五,日興街//五權路//英士路//文化街//中清路一段,光大國宅,700,14.6,50
Taichung-city,西屯區,福聯街//福順路//玉門路,瑞聯天地P區,290,14.6,34
Taichung-city,南區工,工學北路//南平路,南天王,454,14.6,None
Taichung-city,南區復,復興路二段//平順街,復興住商天下,85,14.6,36
Taichung-city,北區太,太原路二段//永吉路,帝王貴族,42,14.6,None
Taichung-city,南屯區,保安三街//忠勇路//保安五街//向上路五段,文山親家,134,14.6,None
Taichung-city,南屯區,寶山五街//德興巷//文山九街,君臨天廈,34,14.6,None
Taichung-city,西屯區,中康二街//中康三街,復新藝術廣場,133,14.6,None
Taichung-city,西區大,大和路//民生北路,崇佑貞觀,26,14.6,None
Taichung-city,南區國,國光路８１號,中興大學城,110,14.6,None
Taichung-city,北屯區,青島路四段//文昌東１１街,生活藝境,169,14.6,None
Taichung-city,西屯區,東大路一段//福強街//玉門路//福瑞街,瑞聯天地A區,462,14.6,17
Taichung-city,北區錦,錦平街２號,錦平街國宅,135,14.6,None
Taichung-city,北屯區,梅川西路四段//瀋陽路一段//安順一街//安順東三街,翠西梅諾II,120,14.5,39
Taichung-city,東區進,進化路２７２號,虎嘯東村,238,14.5,None
Taichung-city,大里區,益民路一段//內新街,新綠園,87,14.5,None
Taichung-city,北區青,青島西街//天津路二段,太億金座II,59,14.5,38
Taichung-city,南屯區,寶山五街//南屯路三段//五權西路三段,台中親家,66,14.5,None
Taichung-city,南區復,大慶街二段//復興北路,劃江山,151,14.5,None
Taichung-city,南區仁,仁義街７６號,遠見天下,298,14.4,None
Taichung-city,大里區,中興路二段６７３號,裕毛屋天廈,422,14.4,None
Taichung-city,大里區,西榮路２８號,聖家族,33,14.4,None
Taichung-city,西屯區,福瑞街//福科路//青海路三段,瑞聯天地D區,295,14.4,None
Taichung-city,南區五,五權南路６０４號,南京天廈,185,14.4,34
Taichung-city,南區復,復興路二段７１巷６５弄６號,綠灣,268,14.4,None
Taichung-city,北屯區,熱河路二段１９９號,東正王朝B,60,14.4,None
Taichung-city,大里區,中興路二段１５１號,順天大邸,216,14.4,None
Taichung-city,南屯區,保安六街//忠勇路//向上路五段,采龍大廈,97,14.4,None
Taichung-city,西屯區,寧夏西四街//成都路,漢口公爵,93,14.4,None
Taichung-city,南區學,學府路//信義南街,京國,416,14.3,None
Taichung-city,南區信,信義南街//學府路//永和街,京馥,171,14.3,None
Taichung-city,北屯區,崇德二路二段//熱河路三段//崇德一路,格林,75,14.3,35
Taichung-city,南區建,建成路１０８３號,住福,94,14.3,None
Taichung-city,西屯區,福瑞街//福科路//青海路三段,瑞聯天地F區,288,14.3,34
Taichung-city,南區忠,忠明南路７３０巷２４號,比佛利山莊,308,14.3,None
Taichung-city,南區工,工學北路//南平路,綠的世界,42,14.3,None
Taichung-city,南區工,工學路//美村南路,廣三大帝國,323,14.3,None
Taichung-city,西區五,五權八街１３５號,太陽海岸,290,14.3,None
Taichung-city,南區忠,忠明南路１２３９號,興大豪門,24,14.3,None
Taichung-city,南區工,工學北路//工學路//南區工學北路,工學天下,456,14.3,None
Taichung-city,南區學,學府路１３５號,京城,388,14.2,39
Taichung-city,太平區,樹孝路１１７號,現代羅馬,129,14.2,33
Taichung-city,太平區,育賢路//育德路//育仁路,泉福冠天下,214,14.2,None
Taichung-city,西屯區,福瑞街//福科路//青海路三段,瑞聯天地G區,261,14.2,37
Taichung-city,大里區,大智路５２２號,台中花園城,147,14.2,None
Taichung-city,北屯區,天津路三段５５號,谷賓名門,40,14.2,None
Taichung-city,南區仁,仁義街７２號,春秋2,89,14.1,32
Taichung-city,太平區,樹孝路２７４巷１２號,鄉城華夏名盧建設,68,14.1,None
Taichung-city,太平區,宜佳街//新平路,向陽樓,66,14.1,None
Taichung-city,大里區,東明路３５７號,書香名廈,36,14.1,None
Taichung-city,南區復,復興路一段２０７巷１號,福星大地,68,14.1,None
Taichung-city,大里區,鳳城街//鳳城路,德昌國寶-滿福區,67,14.1,None
Taichung-city,大里區,東榮路//永興路,寶浩世家,97,14.1,None
Taichung-city,南屯區,忠勇路１２之１７號,復興名邸,70,14.1,None
Taichung-city,北屯區,文心路四段２１３號,杏林金邸,42,14.1,None
Taichung-city,大里區,達明路６０號,寶第,90,14.1,None
Taichung-city,南區興,興大路４６號,居哈佛,77,14.1,32
Taichung-city,南區文,文心南路//福田二街,文心靜園A區,243,14.1,None
Taichung-city,南區工,工學北路//南平路,大通世家,105,14.1,None
Taichung-city,西屯區,成都路//漢成街//漢成三街//漢成四街,懷石樓,107,14,None
Taichung-city,北屯區,同榮路//新興路,彩虹新世界,69,14,None
Taichung-city,大里區,德芳路二段５１號,東方瑞士-A棟,92,13.9,None
Taichung-city,南區復,復興路二段//南平路,假日半島,219,13.9,None
Taichung-city,南屯區,文山九街//向上路五段,陽光之邑,135,13.9,None
Taichung-city,西屯區,國安一路//東大路一段,國安國宅,2208,13.9,41
Taichung-city,西屯區,櫻城五街１號,櫻花皇邸,54,13.8,None
Taichung-city,西區大,大隆路//精明一街//精明二街//大墩十九街,台灣商務中心,152,13.8,182
Taichung-city,太平區,振武路１４３號,非常台中,124,13.8,None
Taichung-city,太平區,樹孝路１０１號,慶吉公園,258,13.8,None
Taichung-city,太平區,樹孝路３３９號,甜蜜蜜,198,13.8,28
Taichung-city,東區十,十甲路４２７號,富甲干城C棟,148,13.8,None
Taichung-city,西屯區,福強街//福瑞街,瑞聯天地B區,310,13.8,31
Taichung-city,南區台,台中路４２０號,早安大台中,43,13.8,None
Taichung-city,西屯區,福瑞街//福科路//青海路三段,瑞聯天地E區,377,13.7,34
Taichung-city,南屯區,保安六街//忠勇路//保安五街,文山家園,47,13.7,None
Taichung-city,西屯區,台灣大道四段７６７號,白金世貿天下,60,13.6,None
Taichung-city,太平區,樹孝路８號,樹孝傳奇,208,13.6,None
Taichung-city,太平區,樹孝路５３號,亞太生活首都,123,13.6,None
Taichung-city,西區樂,樂群街２７８號,羅浮世家,79,13.6,40
Taichung-city,大里區,大明路１０１號,狀元及第,284,13.6,None
Taichung-city,太平區,宜欣十街//宜欣二路,大地之愛,124,13.5,None
Taichung-city,太平區,中山路三段//新民路//新平路,敦煌名廈,62,13.5,None
Taichung-city,南區工,工學路２１號,貴舟華廈,25,13.5,None
Taichung-city,大里區,永興路２０５巷２１弄３號,大里清境,39,13.5,None
Taichung-city,南區學,學府路//公理街//復興路三段//學府路三段,賺錢時代,2075,13.5,None
Taichung-city,北屯區,北平路四段//東英八街,藝術大街,40,13.5,None
Taichung-city,南屯區,嶺東路//南屯路三段,黎明大地,375,13.5,None
Taichung-city,北屯區,熱河路二段//文心路四段,吟龍名廈,50,13.5,None
Taichung-city,南屯區,寶山六街//嶺東路//德興巷//寶山五街//文山十街,松天下,79,13.5,None
Taichung-city,南區美,美村路二段２８１號,甲乙建社,50,13.5,None
Taichung-city,北屯區,大連路二段２０７號,廣福御花園,46,13.4,None
Taichung-city,太平區,宜欣路３４號,藝術天下,75,13.4,None
Taichung-city,太平區,中山路四段１２之９號,大台中華城,155,13.4,None
Taichung-city,太平區,中山路四段１７９號,精武國寶,71,13.4,None
Taichung-city,南區國,國光路１３６號,鳳邑,99,13.4,None
Taichung-city,南區美,美和街１０２號,太宇藝境,89,13.4,22
Taichung-city,大里區,中新街//德芳路一段//內新街,福第臨門,193,13.3,None
Taichung-city,西屯區,福科路５５３號,楓格花園(翡翠座),41,13.3,None
Taichung-city,北屯區,同榮路//新興路,欣翔名第,93,13.3,None
Taichung-city,大里區,新生路１７１巷１０號,大里陽光,132,13.3,None
Taichung-city,太平區,樹孝路３０４號,新平長億華廈迎曦樓,121,13.2,None
Taichung-city,太平區,宜佳街//新平路,觀月樓,138,13.2,None
Taichung-city,太平區,宜佳街//新平路,清風樓,60,13.2,None
Taichung-city,大里區,內新街６０號,南帝國A,150,13.2,None
Taichung-city,南區南,南和一街//南和二街//五權南一路//五權南路,德昌中華,408,13.2,None
Taichung-city,南區忠,忠明南路//建國南路一段,大安紫金城,272,13.2,None
Taichung-city,太平區,樹孝路６７巷２弄１號,豪門星鑽,75,13.1,None
Taichung-city,大里區,吉隆路６號,名人新象,34,13.1,None
Taichung-city,大里區,東明路１７５巷７０號,益民名廈,59,13.1,None
Taichung-city,大里區,益民路二段３５７巷５號,金芝園(龍亭),22,13.1,None
Taichung-city,大里區,西榮路１４０號,儷宮大廈,34,13.1,None
Taichung-city,南屯區,忠勇路//嶺東南路,山河風情,114,13,None
Taichung-city,大里區,中新街//德芳路一段,長億興農城,206,13,None
Taichung-city,太平區,宜昌路//中山路三段,勞斯萊斯大樓,162,12.9,None
Taichung-city,大里區,永興路//至聖路,金陵世家,58,12.8,None
Taichung-city,太平區,中山路二段４１２號,伊甸園,137,12.8,None
Taichung-city,南區平,復興路二段//平順街,大安花園城,63,12.8,None
Taichung-city,南屯區,永春南路//義芳巷,萬寶,86,12.8,None
Taichung-city,北區育,育興街２號,儒林世家,70,12.8,None
Taichung-city,太平區,樹德八街//振興路,大漢天下,137,12.7,None
Taichung-city,太平區,新興路１號,小城故事,126,12.7,None
Taichung-city,大里區,益民路二段２９１之２號,聯憶天第,61,12.7,None
Taichung-city,南屯區,大墩四街２８７號,文心寶典,50,12.7,None
Taichung-city,北區進,進化北路３６３號,大衛道,294,12.7,None
Taichung-city,太平區,育英街//育仁路,富貴吉祥,126,12.6,None
Taichung-city,北屯區,北屯路２９１號,台中皇邸,88,12.6,None
Taichung-city,北屯區,文心路四段９５５號,華爾街星鑽天下,147,12.6,None
Taichung-city,南區南,南平路２２６號,寶璽祥園,107,12.6,None
Taichung-city,大里區,新平街２２巷１６號,林肯特區,30,12.5,None
Taichung-city,大里區,新生路//現岱路,福心園,81,12.5,None
Taichung-city,大里區,大德街２號,國光名廈,67,12.3,None
Taichung-city,南區仁,仁義街//永和街,興大芳鄰,55,12.3,None
Taichung-city,大里區,中興路一段３８４號,德昌國寶,375,12.3,None
Taichung-city,南區文,文心南路//福田二街,文心靜園B,89,12.2,None
Taichung-city,太平區,立功路//立德街,廣三名人山水,268,12.2,None
Taichung-city,太平區,振福路//振興路,芳鄰名邸,108,12.1,None
Taichung-city,北屯區,興安路二段３８號,安康尊邸,40,12.1,None
Taichung-city,南區仁,仁和路//台中路,登峰天廈,55,12.1,None
Taichung-city,南區高,高工路５０號,麒發雙子星-B座,35,12.1,None
Taichung-city,南屯區,建功路//台貿路//春安二街//春安三街,得意家族,173,12,None
Taichung-city,北區青,青島路二段//山西路二段,富比帝王宮,99,11.9,None
Taichung-city,大里區,東文街//新平街,伯園皇邸,21,11.7,None
Taichung-city,大里區,益民路二段２９５號,益民麗園,19,11.7,None
Taichung-city,太平區,宜佳街//新平路,星采樓,50,11.6,None
Taichung-city,太平區,宜佳街//新平路,白雲居,75,11.5,None
Taichung-city,太平區,宜佳街//新平路,太子凌宵樓,67,11.4,None
Taichung-city,南屯區,忠勇路４６號,嶺東天下,128,11.4,None
Taichung-city,南屯區,寶山一街//南屯路三段//五權西路三段,五權官邸,69,11.4,None
Taichung-city,北屯區,熱河路三段//崇德三路//崇德二路二段//松順一街,太平洋百吉利花園,78,11.2,75
Taichung-city,大里區,現岱路１６０號,太平洋優美第,123,11.2,None
Taichung-city,東區東,十甲東巷//東英十五街,干城香榭,93,11.1,None
Taichung-city,大里區,益民路二段３４６號,崇光天下,79,10.7,None
Taichung-city,太平區,溪洲西路//新平路,精彩人生,39,10.5,None
Taichung-city,北屯區,永興街３４０號,崇德皇家,46,10.3,None
Taichung-city,大里區,內新街５１號,南帝國B,34,10.2,None
Taichung-city,太平區,宜欣十街//宜欣二路,凡爾賽大廈,87,10.1,None
Taichung-city,西屯區,寶慶街１８巷１８號,公園畫家,77,10.1,None
Taichung-city,太平區,宜平路//宜佳街//新平路,攬翠樓,70,9.8,None
Taichung-city,西區忠,忠明南路３５１號,綠翡翠,42,8.4,45
Taichung-city,大里區,益民路二段３５５號,望族溫馨園,33,7.9,None
Taichung-city,西區民,民生北路１５５號,碧根民生館,14,None,65
Taichung-city,None,永大街２６５巷４１弄１號,正乙翡翠No5,12,None,None
Taichung-city,None,永隆八街２７２號,正乙儷舍No2,20,None,None
Taichung-city,None,永隆七街１２１號,紅透天,17,None,51
Taichung-city,None,德芳南一街１８５號,古意莊,2,None,None
Taichung-city,None,大里二街２２號,舜元綠境,8,None,None
Taichung-city,None,大里二街１５７號,登陽公園市NO3,2,None,None
Taichung-city,None,德芳南一街５０號,正乙翡翠No6,14,None,None
Taichung-city,None,東榮路５６７巷１６弄１號,新家鑫-NO.6吉祥區,14,None,None
Taichung-city,None,旱溪六街１４１號,旱溪六街別墅,9,None,None
Taichung-city,None,喬城二街３１巷１６號,九期 旱平段 大莊園,4,None,55
Taichung-city,None,南平一街//新和街,興大寶藏,46,None,56
Taichung-city,None,櫻城一街//櫻花一街,碧益達觀,27,None,55
Taichung-city,None,永明街１４８巷１號,大眾名門NO11葉綠墅,14,None,None
Taichung-city,None,福雅路１９３號,宇恆尊爵,11,None,124
Taichung-city,None,福順路４５０號,綠上第別墅,22,None,67
Taichung-city,None,福科路６０２巷２０號,觀青海別墅1,17,None,69
Taichung-city,西屯區,福順路１４２號,信安家園,27,None,None
Taichung-city,None,華美西街一段８６號,普如磐石,28,None,None
Taichung-city,None,民生北路１４７號,淳建築,16,None,75
Taichung-city,None,五權西五街７６號,慕夏之春,21,None,90
Taichung-city,None,英才路１５９號,城心,30,None,None
Taichung-city,None,市政北五路６０號,似水年華,53,None,165
Taichung-city,None,文心路二段//府會園道,聯聚和平大樓,30,None,403
Taichung-city,西屯區,逢甲路１９巷１３號,碧根陽光廣場,46,None,None
Taichung-city,None,二聖街１６號,裕國花都,13,None,None
Taichung-city,None,東英十七街１６９號,世紀尊爵No1,26,None,None
Taichung-city,None,雙十路二段４２號,天蔚,45,None,73
Taichung-city,None,龍門一街３３７號,精銳榮耀山莊,7,None,53
Taichung-city,None,龍門路８８號,新業龍門,8,None,None
Taichung-city,None,龍門二街１號,新業藏鋒,10,None,88
Taichung-city,None,朝馬二街//朝貴路,大城大成,40,None,117
Taichung-city,None,崇仁街,慶山仁美,47,None,None
Taichung-city,None,五權六街１號,國泰築美,25,None,None
Taichung-city,None,豐偉路６６號,枕草子,41,None,None
Taichung-city,None,逢甲路３２２號,蓓森朵夫,20,None,None
Taichung-city,None,大和路//民生北路,大和明珠,16,None,None
Taichung-city,None,三賢街//東英十六街,禾沅九鼎,10,None,None
Taichung-city,西區中,中興街３６號,國美園道,21,None,None
Taichung-city,None,新光路５６巷２號,宏采新光,10,None,None
Taichung-city,None,山西路三段６６號,寶璽美第,35,None,70
Taichung-city,None,仁和路２１４巷２３弄２號,興大綠築,4,None,108
Taichung-city,None,玉門路//福科路,豐穀,10,None,None
Taichung-city,None,福科路６５５巷１弄２號,懋榮君悅,4,None,None
Taichung-city,None,東英五街//東信街,台中風景線,69,None,None
Taichung-city,None,太文路７１巷１３號,大吉地NO.5,9,None,None
Taichung-city,太平區,溪洲西路//宜文街,溪洲河畔大廈,60,None,None
Taichung-city,太平區,宜佳街//新平路//宜平路,太子吉地園,43,None,None
Taichung-city,None,東明路１７５巷９２號,聯億新貴族,56,None,None
Taichung-city,None,益民路二段２８４號,益民桂冠,40,None,None
Taichung-city,None,東興路61號,海德花園,26,None,None
Taichung-city,None,大明路//東興路,龍族,38,None,None
Taichung-city,大里區,西榮路７６號,翰林園,39,None,None
Taichung-city,None,大明路９９巷１５號,府慶吉第,4,None,None
Taichung-city,None,福科路６９９號,敬業麗明,19,None,None
Taichung-city,南屯區,大墩十七街//大容東街,寶祥榕園,99,None,None
Taichung-city,None,永明街２５９巷１號,正乙翡翠No2,12,None,94
Taichung-city,None,梅川東路一段４２號,民權綠園道,26,None,46
Taichung-city,南屯區,大聖街//向上路一段,成功經典,24,None,None
Taichung-city,None,華美街３１號,村宇,22,None,None
Taichung-city,None,大忠街９４號,逸虹園,26,None,None
Taichung-city,None,大墩１１街１１３號,溫莎園邸,35,None,None
Taichung-city,None,大進街１５１巷２號,溫馨雅築,28,None,None
Taichung-city,None,存中街１７０號,綠十八,44,None,None
Taichung-city,南屯區,大聖街２０號,綠郡,63,None,None
Taichung-city,None,高工一街//高工路,寶格麗,25,None,60
Taichung-city,None,美村路一段５００號,一即一切,44,None,None
Taichung-city,None,精誠二十二街,國泰公寓B(單號),20,None,None
Taichung-city,None,精誠２２街２４號,國泰公寓C(雙號),5,None,None
Taichung-city,西區精,大業路//精誠路,圓夢園,94,None,44
Taichung-city,None,五權七街//五權西五街,聖家族,116,None,None
Taichung-city,None,五權西三街７９號,漢宮庭園,72,None,None
Taichung-city,西區精,精誠路１７６號,碧蓮庭園,27,None,None
Taichung-city,None,忠誠街２９號,龍寶人文臻邸,16,None,None
Taichung-city,None,文心南路７００號,華富名園,87,None,None
Taichung-city,南區高,高工路//大慶街一段,大慶立家,54,None,None
Taichung-city,None,德富路３０１號,公園富墅,7,None,None
Taichung-city,None,大慶街一段６３－１號,居享明園,2,None,None
Taichung-city,None,上石路//青海路二段,力霖山水,50,None,None
Taichung-city,None,大聖街//大墩十四街,大業新芳鄰,16,None,None
Taichung-city,None,福中九街１７號,世貿亭園,36,None,None
Taichung-city,None,北平路一段//陝西路,平成仁聚,45,None,64
Taichung-city,None,大英街//大墩十四街,白屋之戀,39,None,None
Taichung-city,None,熱河路二段２３號,走過天津,62,None,None
Taichung-city,大里區,東明路３６０號,東明皇家,26,None,None
Taichung-city,西屯區,成都路１６６號,信成美園邸,24,None,None
Taichung-city,None,大光街//公益路二段,家天下華廈,33,None,None
Taichung-city,None,旅順路二段３８２號,旅順華廈,22,None,None
Taichung-city,None,高工路//五權南路,鑽錢大道,42,None,None
Taichung-city,None,市政北三路１３５號,惠宇市政觀邸,37,None,None
Taichung-city,None,河北路二段//青島路三段,晴園青島市,46,None,None
Taichung-city,None,烈美街//福星北三街,華相天空墅,4,None,None
Taichung-city,None,大光街//大墩十四街,鼎和交響曲,18,None,None
Taichung-city,None,永興路３１２號,興大名廈,63,None,None
Taichung-city,None,國光路２１８號,興大儷景,34,None,None
Taichung-city,None,智惠街//河南路二段,優克里鄰,25,None,None
Taichung-city,None,市政北五路２３８號,聯聚信義,50,None,None
Taichung-city,西屯區,市政北七路９９號,聯聚雍和,44,None,None
Taichung-city,西屯區,黎明路三段//同心路,國泰翰林園,55,None,72
Taichung-city,None,大墩四街９１號,大墩主人,12,None,None
Taichung-city,None,黎明東街５５０號,燕宇名廈,50,None,None
Taichung-city,None,永春東七路//三厝西一巷,奕遠宏居,45,None,None
Taichung-city,None,中美街６３６號,傑廣諾貝爾天廈Ⅰ,21,None,None
Taichung-city,None,中美街６２２號,金住名廈,42,None,None
Taichung-city,None,忠明南路//精誠七街,精誠七街20號公寓,14,None,None
Taichung-city,西區精,精誠路//公益路,全國天地,34,None,None
Taichung-city,None,福順路８７６巷１１號,德之苑,8,None,None
Taichung-city,None,市政北二路３３６號,宏銓入深林,37,None,102
Taichung-city,北區山,山西路一段//太原路二段,俊國椰林道,49,None,None
Taichung-city,None,太原路二段２４３號,日光大道,43,None,None
Taichung-city,None,寧夏東八街//寧夏東七街,東方文華,25,None,None
Taichung-city,None,北平四街//北平三街,百利鴻運金,69,None,None
Taichung-city,None,陝西一街５號,紅樓,17,None,None
Taichung-city,None,精誠十六街２２號,精誠A+,14,None,None
Taichung-city,None,寶山五街//南屯路三段,五權綠地,26,None,None
Taichung-city,None,忠勇路９９之４號,親家七期,7,None,None
Taichung-city,None,瀋陽路三段３１號,崇德首璽,8,None,None
Taichung-city,南屯區,三厝街１２３號,銓璟大境,37,None,None
Taichung-city,None,現岱路//中興路二段,立人理想家,68,None,None
Taichung-city,None,爽文路７２０號,侑信敦陽Ⅲ,14,None,None
Taichung-city,None,永隆一街２６８巷１號,侑信敦陽Ⅰ,7,None,None
Taichung-city,None,爽文路７５０號,溫莎莊園,16,None,None
Taichung-city,None,大川街５０號,挪威森鄰,41,None,None
Taichung-city,None,大容東街//大墩十九街,大容翠堤,65,None,None
Taichung-city,西屯區,櫻城五街//惠來路三段,貴族華廈,44,None,None
Taichung-city,None,東榮路３７號,廣三總統金邸,72,None,None
Taichung-city,None,中美街//存中街,長慶敦煌,69,None,45
Taichung-city,None,美村南路//忠明南路,太宇長鴻,47,None,25
Taichung-city,None,北屯路533巷179號-211號,龍邦皇家-別墅,17,None,None
Taichung-city,南區五,五權南路３８０巷１５號,興大綠園道,48,None,35
Taichung-city,None,福林路５５０號,麗景天地-彩雲樓,25,None,65
Taichung-city,西屯區,西屯路三段//福科路,楓格花園,175,None,56
Taichung-city,西區精,向上南路一段//精誠路,惠宇晶華,95,None,47
Taichung-city,None,大墩十四街１６１號,國泰皇家大廈,52,None,None
Taichung-city,None,中興街２４５號,安蘭居,26,None,100
Taichung-city,西屯區,甘肅路一段//成都路//寧夏西三街,大東家麗堡,131,None,64
Taichung-city,None,東興路三段//大昌街,啟復東興大業,67,None,55
Taichung-city,None,青松街//愛心一街,國光新市,51,None,None
Taichung-city,None,興安路二段４６１巷５５弄１號,金石園,42,None,None
Taichung-city,None,昌平東五路２６０號,綠舍崇德,14,None,None
Taichung-city,北區太,太原路三段７８號,安登綠園邸,83,None,None
Taichung-city,None,北屯路533巷32號-116號,龍邦皇家-奧地利區,34,None,27
Taichung-city,None,得天南街、得天南街１５巷、得天南街３７巷,豐墅二期,48,None,None
Taichung-city,None,北屯路533巷97號-173號,龍邦皇家-義大利區,39,None,None
Taichung-city,None,北屯路533巷118號-192號,龍邦皇家-英國區,31,None,None
Taichung-city,None,永大街２６５巷２３號,陸府歐香別墅NO3,16,None,44
Taichung-city,None,北屯路533巷31號-95號,龍邦皇家-荷蘭區,33,None,None
Taichung-city,None,向上北路//公益路,伯爵,27,None,None
Taichung-city,None,公益路１５５巷９２號,龍寶人本臻邸,31,None,None
Taichung-city,None,中興街２８５巷１號,全國一品,48,None,60
Taichung-city,None,存中街２８號,大塊文章,23,None,50
Taichung-city,None,林森路//樂群街,林森大地,123,None,None
Taichung-city,None,櫻城一街１２９號,公園儷景別墅,16,None,None
Taichung-city,None,文心一路//大業路,富積大別莊,9,None,None
Taichung-city,None,市政北二路６５號,天璽二,38,None,135
Taichung-city,None,永隆八街//國光路二段,美村大買市,28,None,55
Taichung-city,None,永隆八街１６８巷１號,大衛尊爵,27,None,33
Taichung-city,None,復興路二段//福德街,十和田,12,None,None
Taichung-city,None,文心南路５９２巷５號,中山先生,7,None,None
Taichung-city,None,忠明南路//國光路,台中別墅,8,None,None
Taichung-city,None,大墩四街５５９號,典藏歐洲,60,None,None
Taichung-city,None,市政南二路//惠文五街,鄉林帝堡,9,None,None
Taichung-city,西屯區,文華路１４０號,金財神,345,None,None
Taichung-city,None,公益路二段４３３號,公益精銳,34,None,None
Taichung-city,None,興進路２２０號,育仁園道家,47,None,None
Taichung-city,None,永隆九街５７巷１號,櫻之園,15,None,74
Taichung-city,None,五權西一街１１６號,名揚美術,47,None,None
Taichung-city,None,一中街１７７號,銳豐一中街,11,None,None
Taichung-city,None,河北西街//河北一街,普林御堡,23,None,73
Taichung-city,None,現岱路１８號,讚城I,2,None,None
Taichung-city,None,長福路２７０號,佑崧大第特區,6,None,None
